Flat No,Device ID,Sensor Type,Event Type,Leak Status,Time Occurred,Time Resolved,Duration (minutes),Details
A8-009,GVM202601474,External Device,LEAK_STARTED,Alert,2026-05-23T04:56:20.596Z,2026-05-23T04:56:20.601Z,0,Leak resolved. Duration: 0 minutes
A8-009,GVM202601474,External Device,LEAK_STARTED,Alert,2026-05-23T04:56:20.606Z,,,Leak detected. Status: Alert
,GVM202601486,External Device,LEAK_STARTED,Alert,2026-05-23T05:06:32.870Z,2026-05-23T05:06:41.257Z,0,Leak resolved. Duration: 0 minutes
A8-009,GVM202601474,External Device,LEAK_STARTED,Alert,2026-05-23T05:06:40.856Z,2026-05-23T05:06:58.755Z,0,Leak resolved. Duration: 0 minutes
,GVM202601485,External Device,LEAK_STARTED,Alert,2026-05-23T05:09:07.150Z,2026-05-23T05:09:19.111Z,0,Leak resolved. Duration: 0 minutes
,GVM202601483,External Device,LEAK_STARTED,Alert,2026-05-23T05:14:28.314Z,2026-05-23T05:14:40.275Z,0,Leak resolved. Duration: 0 minutes
,GVM202601486,External Device,LEAK_ENDED,Resolved,2026-05-23T05:24:58.291Z,2026-05-23T05:24:58.291Z,0,Leak resolved and device returned to normal status (start event missing)
,GVM202601485,External Device,LEAK_STARTED,Alert,2026-05-23T06:11:41.630Z,2026-05-23T06:11:52.642Z,0,Leak resolved. Duration: 0 minutes
A8-009,GVM202601474,External Device,LEAK_STARTED,Alert,2026-05-23T06:20:07.390Z,2026-05-23T06:20:22.352Z,0,Leak resolved. Duration: 0 minutes
,GVM202601484,External Device,LEAK_STARTED,Alert,2026-05-23T06:22:45.786Z,2026-05-23T06:22:57.709Z,0,Leak resolved. Duration: 0 minutes
,GVM202601483,External Device,LEAK_STARTED,Alert,2026-05-23T06:36:00.167Z,2026-05-23T06:36:11.425Z,0,Leak resolved. Duration: 0 minutes
,GVM202601486,External Device,LEAK_STARTED,Alert,2026-05-23T06:49:55.797Z,2026-05-23T06:50:03.980Z,0,Leak resolved. Duration: 0 minutes
,GVM202601485,External Device,LEAK_STARTED,Alert,2026-05-23T06:50:58.839Z,2026-05-23T06:51:10.847Z,0,Leak resolved. Duration: 0 minutes
A8-009,GVM202601474,External Device,LEAK_STARTED,Alert,2026-05-23T06:52:00.479Z,2026-05-23T06:52:18.417Z,0,Leak resolved. Duration: 0 minutes
,GVM202601486,External Device,LEAK_STARTED,Alert,2026-05-23T07:17:51.978Z,2026-05-23T07:18:05.088Z,0,Leak resolved. Duration: 0 minutes
,GVM202601483,External Device,LEAK_STARTED,Alert,2026-05-23T07:18:18.423Z,2026-05-23T07:18:32.424Z,0,Leak resolved. Duration: 0 minutes
,GVM202601485,External Device,LEAK_STARTED,Alert,2026-05-23T08:30:53.965Z,2026-05-23T08:31:06.928Z,0,Leak resolved. Duration: 0 minutes
,GVM202601483,External Device,LEAK_STARTED,Alert,2026-05-23T08:45:51.202Z,2026-05-23T08:46:04.196Z,0,Leak resolved. Duration: 0 minutes
,GVM202601485,External Device,LEAK_STARTED,Alert,2026-05-23T08:46:21.696Z,2026-05-23T08:46:34.909Z,0,Leak resolved. Duration: 0 minutes
,GVM202601483,External Device,LEAK_STARTED,Alert,2026-05-23T08:53:23.715Z,2026-05-23T08:53:38.752Z,0,Leak resolved. Duration: 0 minutes
,GVM202601485,External Device,LEAK_STARTED,Alert,2026-05-23T09:07:15.282Z,2026-05-23T09:07:26.240Z,0,Leak resolved. Duration: 0 minutes
,GVM202601486,External Device,LEAK_STARTED,Alert,2026-05-23T09:14:13.073Z,2026-05-23T09:14:24.922Z,0,Leak resolved. Duration: 0 minutes
,GVM202601483,External Device,LEAK_STARTED,Alert,2026-05-23T09:15:14.519Z,2026-05-23T09:15:27.355Z,0,Leak resolved. Duration: 0 minutes
,GVM202601484,External Device,LEAK_STARTED,Alert,2026-05-23T09:22:53.656Z,2026-05-23T09:23:06.660Z,0,Leak resolved. Duration: 0 minutes
,GVM202601483,External Device,LEAK_STARTED,Alert,2026-05-23T09:23:00.122Z,2026-05-23T09:23:11.906Z,0,Leak resolved. Duration: 0 minutes
,GVM202601486,External Device,LEAK_STARTED,Alert,2026-05-23T09:23:09.438Z,2026-05-23T09:23:22.377Z,0,Leak resolved. Duration: 0 minutes
A8-009,GVM202601474,External Device,LEAK_STARTED,Alert,2026-05-23T09:31:52.322Z,2026-05-23T09:32:06.288Z,0,Leak resolved. Duration: 0 minutes
A8-009,GVM202601474,External Device,LEAK_STARTED,Alert,2026-05-23T09:46:51.424Z,2026-05-23T09:47:06.391Z,0,Leak resolved. Duration: 0 minutes
,GVM202601484,External Device,LEAK_STARTED,Alert,2026-05-23T09:49:39.998Z,2026-05-23T09:49:51.074Z,0,Leak resolved. Duration: 0 minutes
A8-009,GVM202601474,External Device,LEAK_STARTED,Alert,2026-05-23T10:05:18.329Z,2026-05-23T10:05:30.285Z,0,Leak resolved. Duration: 0 minutes
A8-009,GVM202601474,External Device,LEAK_STARTED,Alert,2026-05-23T10:26:57.029Z,2026-05-23T10:27:09.107Z,0,Leak resolved. Duration: 0 minutes
,GVM202601484,External Device,LEAK_STARTED,Alert,2026-05-23T10:27:21.721Z,2026-05-23T10:27:36.448Z,0,Leak resolved. Duration: 0 minutes
,GVM202601486,External Device,LEAK_STARTED,Alert,2026-05-23T10:27:27.552Z,2026-05-23T10:27:40.544Z,0,Leak resolved. Duration: 0 minutes
,GVM202601485,External Device,LEAK_STARTED,Alert,2026-05-23T10:33:28.081Z,2026-05-23T10:33:40.070Z,0,Leak resolved. Duration: 0 minutes
,GVM202601486,External Device,LEAK_STARTED,Alert,2026-05-23T11:03:59.402Z,2026-05-23T11:04:11.496Z,0,Leak resolved. Duration: 0 minutes
A8-009,GVM202601474,External Device,STATUS_CHANGED,Online,2026-05-23T11:05:55.265Z,,,Status changed from Unknown to Online
A8-009,GVM202601474,External Device,LEAK_STARTED,Alert,2026-05-23T11:07:14.390Z,2026-05-23T11:07:33.153Z,0,Leak resolved. Duration: 0 minutes
,GVM202601483,External Device,LEAK_STARTED,Alert,2026-05-23T11:14:10.243Z,2026-05-23T11:14:23.198Z,0,Leak resolved. Duration: 0 minutes
,GVM202601484,External Device,LEAK_STARTED,Alert,2026-05-23T11:14:29.975Z,2026-05-23T11:14:40.836Z,0,Leak resolved. Duration: 0 minutes
,GVM202601486,External Device,STATUS_CHANGED,Online,2026-05-23T11:15:13.243Z,,,Status changed from No Communication to Online
,GVM202601485,External Device,LEAK_STARTED,Alert,2026-05-23T11:19:36.301Z,2026-05-23T11:19:49.362Z,0,Leak resolved. Duration: 0 minutes
,GVM202601485,External Device,LEAK_STARTED,Alert,2026-05-23T11:31:42.576Z,2026-05-23T11:31:57.531Z,0,Leak resolved. Duration: 0 minutes
,GVM202601483,External Device,LEAK_STARTED,Alert,2026-05-23T11:43:20.856Z,2026-05-23T11:43:29.032Z,0,Leak resolved. Duration: 0 minutes
,GVM202601483,External Device,LEAK_STARTED,Alert,2026-05-23T11:59:14.125Z,2026-05-23T11:59:27.077Z,0,Leak resolved. Duration: 0 minutes
,GVM202601485,External Device,LEAK_STARTED,Alert,2026-05-23T11:59:44.068Z,2026-05-23T11:59:59.027Z,0,Leak resolved. Duration: 0 minutes
,GVM202601486,External Device,LEAK_STARTED,Alert,2026-05-23T12:00:39.574Z,2026-05-23T12:00:50.508Z,0,Leak resolved. Duration: 0 minutes
A8-009,GVM202601474,External Device,LEAK_STARTED,Alert,2026-05-23T12:01:49.463Z,2026-05-23T12:02:07.383Z,0,Leak resolved. Duration: 0 minutes
,GVM202601486,External Device,LEAK_STARTED,Alert,2026-05-23T12:03:31.852Z,2026-05-23T12:03:40.410Z,0,Leak resolved. Duration: 0 minutes
,GVM202601485,External Device,STATUS_CHANGED,Online,2026-05-25T04:20:24.316Z,,,Status changed from Unknown to Online
,GVM202601484,External Device,STATUS_CHANGED,Online,2026-05-25T04:20:24.858Z,,,Status changed from Unknown to Online
A8-009,GVM202601474,External Device,STATUS_CHANGED,Online,2026-05-25T04:20:25.288Z,,,Status changed from Unknown to Online
,GVM202601486,External Device,STATUS_CHANGED,Online,2026-05-25T04:20:25.377Z,,,Status changed from Unknown to Online
A8-009,GVM202601474,External Device,LEAK_STARTED,Alert,2026-05-25T04:21:03.289Z,2026-05-25T04:21:21.354Z,0,Leak resolved. Duration: 0 minutes
,GVM202601483,External Device,STATUS_CHANGED,Online,2026-05-25T04:21:53.779Z,,,Status changed from Unknown to Online
,GVM202601483,External Device,LEAK_STARTED,Alert,2026-05-25T04:22:02.888Z,2026-05-25T04:22:15.793Z,0,Leak resolved. Duration: 0 minutes
,GVM202601485,External Device,LEAK_STARTED,Alert,2026-05-25T04:24:54.070Z,2026-05-25T04:25:07.104Z,0,Leak resolved. Duration: 0 minutes
,GVM202601484,External Device,LEAK_STARTED,Alert,2026-05-25T04:32:34.173Z,2026-05-25T04:32:46.092Z,0,Leak resolved. Duration: 0 minutes
,GVM202601483,External Device,LEAK_STARTED,Alert,2026-05-25T04:32:54.249Z,2026-05-25T04:33:05.084Z,0,Leak resolved. Duration: 0 minutes
,GVM202601486,External Device,LEAK_STARTED,Alert,2026-05-25T04:49:55.536Z,2026-05-25T04:50:03.576Z,0,Leak resolved. Duration: 0 minutes
A8-009,GVM202601474,External Device,STATUS_CHANGED,Online,2026-05-25T05:16:32.982Z,,,Status changed from Unknown to Online
,GVM202601486,External Device,STATUS_CHANGED,Online,2026-05-25T05:16:59.158Z,,,Status changed from Unknown to Online
,GVM202601485,External Device,STATUS_CHANGED,Online,2026-05-25T05:16:59.687Z,,,Status changed from Unknown to Online
,GVM202601484,External Device,STATUS_CHANGED,Online,2026-05-25T05:17:00.181Z,,,Status changed from Unknown to Online
,GVM202601483,External Device,STATUS_CHANGED,Online,2026-05-25T05:17:01.207Z,,,Status changed from Unknown to Online
,GVM202601486,External Device,LEAK_STARTED,Alert,2026-05-25T05:17:31.842Z,2026-05-25T05:17:41.196Z,0,Leak resolved. Duration: 0 minutes
A8-009,GVM202601474,External Device,LEAK_STARTED,Alert,2026-05-25T05:35:03.183Z,2026-05-25T05:35:19.968Z,0,Leak resolved. Duration: 0 minutes
,GVM202601485,External Device,LEAK_STARTED,Alert,2026-05-25T05:36:03.548Z,2026-05-25T05:36:18.331Z,0,Leak resolved. Duration: 0 minutes
,GVM202601486,External Device,LEAK_STARTED,Alert,2026-05-25T05:42:44.722Z,2026-05-25T05:42:58.451Z,0,Leak resolved. Duration: 0 minutes
,GVM202601484,External Device,LEAK_STARTED,Alert,2026-05-25T05:45:35.109Z,2026-05-25T05:45:47.093Z,0,Leak resolved. Duration: 0 minutes
A8-009,GVM202601474,External Device,LEAK_STARTED,Alert,2026-05-25T06:06:56.490Z,,,Leak detected. Status: Alert
A8-009,GVM202601474,External Device,LEAK_STARTED,Alert,2026-05-25T06:09:54.346Z,2026-05-25T06:10:12.311Z,0,Leak resolved. Duration: 0 minutes
A8-009,GVM202601474,External Device,LEAK_STARTED,Alert,2026-05-25T06:11:49.318Z,2026-05-25T06:12:06.317Z,0,Leak resolved. Duration: 0 minutes
A8-011,GVM202601485,External Device,LEAK_STARTED,Alert,2026-05-25T06:16:36.493Z,2026-05-25T06:16:48.506Z,0,Leak resolved. Duration: 0 minutes
A8-010,GVM202601483,External Device,LEAK_STARTED,Alert,2026-05-25T06:20:43.868Z,2026-05-25T06:20:56.851Z,0,Leak resolved. Duration: 0 minutes
A8-009,GVM202601474,External Device,LEAK_STARTED,Alert,2026-05-25T06:31:20.217Z,2026-05-25T06:31:38.156Z,0,Leak resolved. Duration: 0 minutes
A8-011,GVM202601485,External Device,LEAK_STARTED,Alert,2026-05-25T06:40:45.880Z,2026-05-25T06:40:54.211Z,0,Leak resolved. Duration: 0 minutes
A8-009,GVM202601474,External Device,LEAK_STARTED,Alert,2026-05-25T06:40:55.995Z,2026-05-25T06:41:12.725Z,0,Leak resolved. Duration: 0 minutes
A8-010,GVM202601483,External Device,LEAK_STARTED,Alert,2026-05-25T06:50:22.180Z,2026-05-25T06:50:35.161Z,0,Leak resolved. Duration: 0 minutes
A8-011,GVM202601485,External Device,LEAK_STARTED,Alert,2026-05-25T07:05:31.813Z,2026-05-25T07:05:44.721Z,0,Leak resolved. Duration: 0 minutes
A8-009,GVM202601474,External Device,LEAK_STARTED,Alert,2026-05-25T07:09:07.072Z,2026-05-25T07:09:24.035Z,0,Leak resolved. Duration: 0 minutes
A8-010,GVM202601483,External Device,LEAK_STARTED,Alert,2026-05-25T07:12:27.887Z,2026-05-25T07:12:41.906Z,0,Leak resolved. Duration: 0 minutes
A8-009,GVM202601474,External Device,LEAK_STARTED,Alert,2026-05-25T08:19:16.587Z,2026-05-25T08:19:35.492Z,0,Leak resolved. Duration: 0 minutes
A8-011,GVM202601485,External Device,LEAK_STARTED,Alert,2026-05-25T08:34:28.628Z,2026-05-25T08:34:40.613Z,0,Leak resolved. Duration: 0 minutes
A8-010,GVM202601483,External Device,LEAK_STARTED,Alert,2026-05-25T08:36:51.992Z,2026-05-25T08:37:03.043Z,0,Leak resolved. Duration: 0 minutes
A8-011,GVM202601485,External Device,LEAK_STARTED,Alert,2026-05-25T08:45:26.964Z,2026-05-25T08:45:42.596Z,0,Leak resolved. Duration: 0 minutes
A8-010,GVM202601483,External Device,LEAK_STARTED,Alert,2026-05-25T08:48:51.341Z,2026-05-25T08:49:04.245Z,0,Leak resolved. Duration: 0 minutes
A8-009,GVM202601474,External Device,LEAK_STARTED,Alert,2026-05-25T08:49:12.328Z,2026-05-25T08:49:29.698Z,0,Leak resolved. Duration: 0 minutes
A8-010,GVM202601483,External Device,LEAK_STARTED,Alert,2026-05-25T08:55:48.617Z,2026-05-25T08:55:56.838Z,0,Leak resolved. Duration: 0 minutes
A8-010,GVM202601483,External Device,LEAK_STARTED,Alert,2026-05-25T08:56:05.837Z,2026-05-25T08:56:16.883Z,0,Leak resolved. Duration: 0 minutes
A8-011,GVM202601485,External Device,LEAK_STARTED,Alert,2026-05-25T09:03:14.897Z,2026-05-25T09:03:29.928Z,0,Leak resolved. Duration: 0 minutes
A8-009,GVM202601474,External Device,LEAK_STARTED,Alert,2026-05-25T09:09:28.531Z,2026-05-25T09:09:46.489Z,0,Leak resolved. Duration: 0 minutes
A8-011,GVM202601485,External Device,LEAK_STARTED,Alert,2026-05-25T09:11:35.388Z,2026-05-25T09:11:49.350Z,0,Leak resolved. Duration: 0 minutes
A8-010,GVM202601483,External Device,LEAK_STARTED,Alert,2026-05-25T09:11:45.883Z,2026-05-25T09:11:58.837Z,0,Leak resolved. Duration: 0 minutes
A8-011,GVM202601485,External Device,LEAK_STARTED,Alert,2026-05-25T09:22:29.737Z,2026-05-25T09:22:43.685Z,0,Leak resolved. Duration: 0 minutes
A8-009,GVM202601474,External Device,LEAK_STARTED,Alert,2026-05-25T09:22:39.744Z,2026-05-25T09:22:53.750Z,0,Leak resolved. Duration: 0 minutes
A8-010,GVM202601483,External Device,LEAK_STARTED,Alert,2026-05-25T09:28:21.979Z,2026-05-25T09:28:35.901Z,0,Leak resolved. Duration: 0 minutes
A8-009,GVM202601474,External Device,LEAK_STARTED,Alert,2026-05-25T09:33:10.110Z,2026-05-25T09:33:28.064Z,0,Leak resolved. Duration: 0 minutes
A8-009,GVM202601474,External Device,LEAK_STARTED,Alert,2026-05-25T09:49:56.502Z,2026-05-25T09:50:14.044Z,0,Leak resolved. Duration: 0 minutes
A8-011,GVM202601485,External Device,LEAK_STARTED,Alert,2026-05-25T10:01:25.442Z,2026-05-25T10:01:40.341Z,0,Leak resolved. Duration: 0 minutes
A8-010,GVM202601483,External Device,LEAK_STARTED,Alert,2026-05-25T10:02:04.861Z,2026-05-25T10:02:16.789Z,0,Leak resolved. Duration: 0 minutes
A8-010,GVM202601483,External Device,LEAK_STARTED,Alert,2026-05-25T10:05:40.718Z,2026-05-25T10:06:07.101Z,0,Leak resolved. Duration: 0 minutes
A8-011,GVM202601485,External Device,LEAK_STARTED,Alert,2026-05-25T10:06:24.093Z,2026-05-25T10:06:36.110Z,0,Leak resolved. Duration: 0 minutes
A8-009,GVM202601474,External Device,LEAK_STARTED,Alert,2026-05-25T10:06:30.095Z,2026-05-25T10:06:48.452Z,0,Leak resolved. Duration: 0 minutes
A8-009,GVM202601474,External Device,LEAK_STARTED,Alert,2026-05-25T10:23:09.099Z,2026-05-25T10:23:27.090Z,0,Leak resolved. Duration: 0 minutes
A8-011,GVM202601485,External Device,LEAK_STARTED,Alert,2026-05-25T10:23:09.174Z,2026-05-25T10:23:21.074Z,0,Leak resolved. Duration: 0 minutes
A8-010,GVM202601483,External Device,LEAK_STARTED,Alert,2026-05-25T10:33:21.004Z,2026-05-25T10:33:33.891Z,0,Leak resolved. Duration: 0 minutes
A8-009,GVM202601474,External Device,STATUS_CHANGED,Online,2026-05-25T10:46:40.488Z,,,Status changed from Unknown to Online
A8-009,GVM202601474,External Device,LEAK_STARTED,Alert,2026-05-25T10:47:15.604Z,2026-05-25T10:48:48.066Z,2,Leak resolved. Duration: 2 minutes
A8-009,GVM202601474,External Device,STATUS_CHANGED,Online,2026-05-25T10:58:37.655Z,,,Status changed from No Communication to Online
A8-010,GVM202601483,External Device,STATUS_CHANGED,Online,2026-05-25T11:10:09.296Z,,,Status changed from Unknown to Online
A8-011,GVM202601485,External Device,STATUS_CHANGED,Online,2026-05-25T11:12:33.948Z,,,Status changed from Unknown to Online
A8-009,GVM202601474,External Device,LEAK_STARTED,Alert,2026-05-25T11:12:52.073Z,2026-05-25T11:13:09.042Z,0,Leak resolved. Duration: 0 minutes
A8-011,GVM202601485,External Device,LEAK_STARTED,Alert,2026-05-25T11:13:16.757Z,2026-05-25T11:13:29.682Z,0,Leak resolved. Duration: 0 minutes
A8-010,GVM202601483,External Device,LEAK_STARTED,Alert,2026-05-25T11:13:40.748Z,2026-05-25T11:13:52.719Z,0,Leak resolved. Duration: 0 minutes
A8-011,GVM202601485,External Device,LEAK_STARTED,Alert,2026-05-25T11:18:24.412Z,2026-05-25T11:18:38.808Z,0,Leak resolved. Duration: 0 minutes
A8-009,GVM202601474,External Device,LEAK_STARTED,Alert,2026-05-25T11:23:24.431Z,2026-05-25T11:23:40.401Z,0,Leak resolved. Duration: 0 minutes
A8-010,GVM202601483,External Device,LEAK_STARTED,Alert,2026-05-25T11:31:39.795Z,2026-05-25T11:31:52.615Z,0,Leak resolved. Duration: 0 minutes
A8-011,GVM202601485,External Device,LEAK_STARTED,Alert,2026-05-25T11:34:31.515Z,2026-05-25T11:34:43.440Z,0,Leak resolved. Duration: 0 minutes
A8-009,GVM202601474,External Device,LEAK_STARTED,Alert,2026-05-25T11:34:49.850Z,2026-05-25T11:35:07.803Z,0,Leak resolved. Duration: 0 minutes
A8-011,GVM202601485,External Device,LEAK_STARTED,Alert,2026-05-25T11:45:50.745Z,2026-05-25T11:46:04.699Z,0,Leak resolved. Duration: 0 minutes
A8-010,GVM202601483,External Device,LEAK_STARTED,Alert,2026-05-25T11:48:51.609Z,2026-05-25T11:49:05.568Z,0,Leak resolved. Duration: 0 minutes
A8-010,GVM202601483,External Device,LEAK_STARTED,Alert,2026-05-25T11:58:09.129Z,2026-05-25T11:58:20.993Z,0,Leak resolved. Duration: 0 minutes
A8-011,GVM202601485,External Device,LEAK_STARTED,Alert,2026-05-25T11:58:09.998Z,2026-05-25T11:58:20.965Z,0,Leak resolved. Duration: 0 minutes
A8-009,GVM202601474,External Device,LEAK_STARTED,Alert,2026-05-25T12:03:11.104Z,2026-05-25T12:03:29.285Z,0,Leak resolved. Duration: 0 minutes
A8-011,GVM202601485,External Device,LEAK_STARTED,Alert,2026-05-25T12:04:55.668Z,2026-05-25T12:05:09.542Z,0,Leak resolved. Duration: 0 minutes
A8-010,GVM202601483,External Device,STATUS_CHANGED,Online,2026-05-26T04:26:45.776Z,,,Status changed from Unknown to Online
A8-011,GVM202601485,External Device,STATUS_CHANGED,Online,2026-05-26T04:26:45.789Z,,,Status changed from Unknown to Online
A8-009,GVM202601474,External Device,STATUS_CHANGED,Online,2026-05-26T04:26:45.872Z,,,Status changed from Unknown to Online
A8-009,GVM202601474,External Device,LEAK_STARTED,Alert,2026-05-26T04:35:48.238Z,2026-05-26T04:36:07.185Z,0,Leak resolved. Duration: 0 minutes
A8-011,GVM202601485,External Device,LEAK_STARTED,Alert,2026-05-26T04:40:58.965Z,2026-05-26T04:41:11.981Z,0,Leak resolved. Duration: 0 minutes
A8-010,GVM202601483,External Device,LEAK_STARTED,Alert,2026-05-26T04:42:18.793Z,2026-05-26T04:42:31.753Z,0,Leak resolved. Duration: 0 minutes
A8-009,GVM202601474,External Device,LEAK_STARTED,Alert,2026-05-26T04:45:35.649Z,2026-05-26T04:45:53.600Z,0,Leak resolved. Duration: 0 minutes
A8-011,GVM202601485,External Device,LEAK_STARTED,Alert,2026-05-26T04:48:11.451Z,2026-05-26T04:48:25.530Z,0,Leak resolved. Duration: 0 minutes
A8-009,GVM202601474,External Device,LEAK_STARTED,Alert,2026-05-26T04:48:33.518Z,2026-05-26T04:48:49.491Z,0,Leak resolved. Duration: 0 minutes
A8-011,GVM202601485,External Device,LEAK_STARTED,Alert,2026-05-26T04:52:23.298Z,2026-05-26T04:52:35.149Z,0,Leak resolved. Duration: 0 minutes
A8-010,GVM202601483,External Device,LEAK_STARTED,Alert,2026-05-26T04:55:06.017Z,2026-05-26T04:55:19.974Z,0,Leak resolved. Duration: 0 minutes
A8-011,GVM202601485,External Device,LEAK_STARTED,Alert,2026-05-26T04:57:28.888Z,2026-05-26T04:57:40.944Z,0,Leak resolved. Duration: 0 minutes
A8-011,GVM202601485,External Device,LEAK_STARTED,Alert,2026-05-26T05:01:37.639Z,2026-05-26T05:01:49.673Z,0,Leak resolved. Duration: 0 minutes
A8-011,GVM202601485,External Device,LEAK_STARTED,Alert,2026-05-26T05:11:54.259Z,2026-05-26T05:12:06.020Z,0,Leak resolved. Duration: 0 minutes
A8-009,GVM202601474,External Device,LEAK_STARTED,Alert,2026-05-26T05:12:45.448Z,2026-05-26T05:13:03.054Z,0,Leak resolved. Duration: 0 minutes
A8-010,GVM202601483,External Device,LEAK_STARTED,Alert,2026-05-26T05:18:15.612Z,2026-05-26T05:18:30.633Z,0,Leak resolved. Duration: 0 minutes
A8-009,GVM202601474,External Device,LEAK_STARTED,Alert,2026-05-26T05:25:36.235Z,2026-05-26T05:25:54.589Z,0,Leak resolved. Duration: 0 minutes
A8-010,GVM202601483,External Device,LEAK_STARTED,Alert,2026-05-26T05:26:54.096Z,2026-05-26T05:27:05.052Z,0,Leak resolved. Duration: 0 minutes
A8-010,GVM202601483,External Device,LEAK_STARTED,Alert,2026-05-26T05:34:46.086Z,2026-05-26T05:34:56.633Z,0,Leak resolved. Duration: 0 minutes
A8-011,GVM202601485,External Device,LEAK_STARTED,Alert,2026-05-26T05:34:50.629Z,2026-05-26T05:35:03.698Z,0,Leak resolved. Duration: 0 minutes
A8-009,GVM202601474,External Device,LEAK_STARTED,Alert,2026-05-26T05:59:49.174Z,2026-05-26T06:00:08.375Z,0,Leak resolved. Duration: 0 minutes
A8-010,GVM202601483,External Device,LEAK_STARTED,Alert,2026-05-26T06:00:30.169Z,2026-05-26T06:00:44.014Z,0,Leak resolved. Duration: 0 minutes
A8-011,GVM202601485,External Device,LEAK_STARTED,Alert,2026-05-26T06:06:57.706Z,2026-05-26T06:07:10.758Z,0,Leak resolved. Duration: 0 minutes
A8-010,GVM202601483,External Device,LEAK_STARTED,Alert,2026-05-26T06:07:02.660Z,2026-05-26T06:07:16.622Z,0,Leak resolved. Duration: 0 minutes
A8-009,GVM202601474,External Device,LEAK_STARTED,Alert,2026-05-26T06:07:19.767Z,2026-05-26T06:07:34.717Z,0,Leak resolved. Duration: 0 minutes
A8-009,GVM202601474,External Device,LEAK_STARTED,Alert,2026-05-26T06:19:24.992Z,2026-05-26T06:19:42.064Z,0,Leak resolved. Duration: 0 minutes
A8-010,GVM202601483,External Device,LEAK_STARTED,Alert,2026-05-26T06:19:40.898Z,2026-05-26T06:19:55.850Z,0,Leak resolved. Duration: 0 minutes
A8-009,GVM202601474,External Device,LEAK_STARTED,Alert,2026-05-26T06:19:48.970Z,2026-05-26T06:20:06.947Z,0,Leak resolved. Duration: 0 minutes
A8-011,GVM202601485,External Device,LEAK_STARTED,Alert,2026-05-26T06:19:51.910Z,2026-05-26T06:20:05.923Z,0,Leak resolved. Duration: 0 minutes
A8-010,GVM202601483,External Device,LEAK_STARTED,Alert,2026-05-26T06:30:23.289Z,2026-05-26T06:30:36.396Z,0,Leak resolved. Duration: 0 minutes
A8-011,GVM202601485,External Device,LEAK_STARTED,Alert,2026-05-26T06:30:41.260Z,2026-05-26T06:30:54.212Z,0,Leak resolved. Duration: 0 minutes
A8-009,GVM202601474,External Device,LEAK_STARTED,Alert,2026-05-26T06:30:47.351Z,2026-05-26T06:31:04.267Z,0,Leak resolved. Duration: 0 minutes
A8-010,GVM202601483,External Device,LEAK_STARTED,Alert,2026-05-26T06:31:53.148Z,2026-05-26T06:32:06.199Z,0,Leak resolved. Duration: 0 minutes
A8-011,GVM202601485,External Device,LEAK_STARTED,Alert,2026-05-26T06:34:39.015Z,2026-05-26T06:34:52.970Z,0,Leak resolved. Duration: 0 minutes
A8-009,GVM202601474,External Device,LEAK_STARTED,Alert,2026-05-26T06:45:02.448Z,2026-05-26T06:45:16.624Z,0,Leak resolved. Duration: 0 minutes
A8-010,GVM202601483,External Device,LEAK_STARTED,Alert,2026-05-26T06:45:10.350Z,2026-05-26T06:45:23.380Z,0,Leak resolved. Duration: 0 minutes
A8-010,GVM202601483,External Device,LEAK_STARTED,Alert,2026-05-26T06:55:09.737Z,2026-05-26T06:55:22.725Z,0,Leak resolved. Duration: 0 minutes
A8-011,GVM202601485,External Device,LEAK_STARTED,Alert,2026-05-26T07:09:28.954Z,2026-05-26T07:09:42.874Z,0,Leak resolved. Duration: 0 minutes
A8-011,GVM202601485,External Device,LEAK_STARTED,Alert,2026-05-26T07:13:24.676Z,2026-05-26T07:13:39.630Z,0,Leak resolved. Duration: 0 minutes
A8-010,GVM202601483,External Device,LEAK_STARTED,Alert,2026-05-26T07:22:54.072Z,2026-05-26T07:23:07.130Z,0,Leak resolved. Duration: 0 minutes
A8-011,GVM202601485,External Device,LEAK_STARTED,Alert,2026-05-26T07:30:20.649Z,2026-05-26T07:30:34.834Z,0,Leak resolved. Duration: 0 minutes
A8-009,GVM202601474,External Device,LEAK_STARTED,Alert,2026-05-26T08:34:52.832Z,2026-05-26T08:35:09.783Z,0,Leak resolved. Duration: 0 minutes
A8-010,GVM202601483,External Device,LEAK_STARTED,Alert,2026-05-26T08:44:45.101Z,2026-05-26T08:45:00.156Z,0,Leak resolved. Duration: 0 minutes
A8-011,GVM202601485,External Device,LEAK_STARTED,Alert,2026-05-26T08:51:38.733Z,2026-05-26T08:51:51.693Z,0,Leak resolved. Duration: 0 minutes
A8-010,GVM202601483,External Device,LEAK_STARTED,Alert,2026-05-26T09:00:29.157Z,2026-05-26T09:00:43.110Z,0,Leak resolved. Duration: 0 minutes
A8-009,GVM202601474,External Device,LEAK_STARTED,Alert,2026-05-26T09:08:10.825Z,2026-05-26T09:08:28.779Z,0,Leak resolved. Duration: 0 minutes
A8-011,GVM202601485,External Device,LEAK_STARTED,Alert,2026-05-26T09:13:25.427Z,2026-05-26T09:13:38.373Z,0,Leak resolved. Duration: 0 minutes
A8-009,GVM202601474,External Device,LEAK_STARTED,Alert,2026-05-26T09:57:36.846Z,2026-05-26T09:57:55.088Z,0,Leak resolved. Duration: 0 minutes
A8-010,GVM202601483,External Device,LEAK_STARTED,Alert,2026-05-26T10:03:30.435Z,2026-05-26T10:03:41.291Z,0,Leak resolved. Duration: 0 minutes
A8-011,GVM202601485,External Device,LEAK_STARTED,Alert,2026-05-26T10:06:58.180Z,2026-05-26T10:07:14.283Z,0,Leak resolved. Duration: 0 minutes
A8-009,GVM202601474,External Device,LEAK_STARTED,Alert,2026-05-26T10:24:46.220Z,2026-05-26T10:25:04.170Z,0,Leak resolved. Duration: 0 minutes
A8-010,GVM202601483,External Device,LEAK_STARTED,Alert,2026-05-26T10:52:49.374Z,2026-05-26T10:53:03.411Z,0,Leak resolved. Duration: 0 minutes
A8-009,GVM202601474,External Device,LEAK_STARTED,Alert,2026-05-26T11:01:58.086Z,2026-05-26T11:02:15.950Z,0,Leak resolved. Duration: 0 minutes
A8-011,GVM202601485,External Device,LEAK_STARTED,Alert,2026-05-26T11:07:54.501Z,2026-05-26T11:08:06.566Z,0,Leak resolved. Duration: 0 minutes
A8-011,GVM202601485,External Device,LEAK_STARTED,Alert,2026-05-26T11:22:57.751Z,2026-05-26T11:23:11.573Z,0,Leak resolved. Duration: 0 minutes
A8-011,GVM202601485,External Device,LEAK_STARTED,Alert,2026-05-26T11:37:29.782Z,2026-05-26T11:37:43.664Z,0,Leak resolved. Duration: 0 minutes
A8-009,GVM202601474,External Device,LEAK_STARTED,Alert,2026-05-26T11:40:56.631Z,2026-05-26T11:41:15.477Z,0,Leak resolved. Duration: 0 minutes
A8-010,GVM202601483,External Device,LEAK_STARTED,Alert,2026-05-26T11:52:22.126Z,2026-05-26T11:52:44.725Z,0,Leak resolved. Duration: 0 minutes
A8-009,GVM202601474,External Device,LEAK_STARTED,Alert,2026-05-26T12:01:47.380Z,2026-05-26T12:02:05.324Z,0,Leak resolved. Duration: 0 minutes
A8-011,GVM202601485,External Device,LEAK_STARTED,Alert,2026-05-26T12:04:20.121Z,2026-05-26T12:04:35.043Z,0,Leak resolved. Duration: 0 minutes
A8-009,GVM202601474,External Device,STATUS_CHANGED,Online,2026-05-27T04:33:29.122Z,,,Status changed from Unknown to Online
A8-010,GVM202601483,External Device,STATUS_CHANGED,Online,2026-05-27T04:33:29.334Z,,,Status changed from Unknown to Online
A8-011,GVM202601485,External Device,STATUS_CHANGED,Online,2026-05-27T04:33:29.564Z,,,Status changed from Unknown to Online
A8-009,GVM202601474,External Device,LEAK_STARTED,Alert,2026-05-27T04:36:45.519Z,2026-05-27T04:37:02.365Z,0,Leak resolved. Duration: 0 minutes
A8-011,GVM202601485,External Device,LEAK_STARTED,Alert,2026-05-27T04:38:52.258Z,2026-05-27T04:39:05.219Z,0,Leak resolved. Duration: 0 minutes
A8-010,GVM202601483,External Device,LEAK_STARTED,Alert,2026-05-27T04:46:38.907Z,2026-05-27T04:46:51.723Z,0,Leak resolved. Duration: 0 minutes
A8-011,GVM202601485,External Device,LEAK_STARTED,Alert,2026-05-27T04:52:09.467Z,2026-05-27T04:52:24.433Z,0,Leak resolved. Duration: 0 minutes
A8-009,GVM202601474,External Device,LEAK_STARTED,Alert,2026-05-27T04:54:09.400Z,2026-05-27T04:54:26.412Z,0,Leak resolved. Duration: 0 minutes
A8-011,GVM202601485,External Device,LEAK_STARTED,Alert,2026-05-27T05:03:41.022Z,2026-05-27T05:03:54.876Z,0,Leak resolved. Duration: 0 minutes
A8-009,GVM202601474,External Device,LEAK_STARTED,Alert,2026-05-27T05:12:13.760Z,2026-05-27T05:12:30.539Z,0,Leak resolved. Duration: 0 minutes
A8-010,GVM202601483,External Device,LEAK_STARTED,Alert,2026-05-27T05:18:04.166Z,2026-05-27T05:18:17.124Z,0,Leak resolved. Duration: 0 minutes
A8-011,GVM202601485,External Device,LEAK_STARTED,Alert,2026-05-27T05:37:30.169Z,2026-05-27T05:37:45.202Z,0,Leak resolved. Duration: 0 minutes
A8-009,GVM202601474,External Device,LEAK_STARTED,Alert,2026-05-27T05:55:23.213Z,2026-05-27T05:55:37.573Z,0,Leak resolved. Duration: 0 minutes
A8-010,GVM202601483,External Device,LEAK_STARTED,Alert,2026-05-27T05:59:12.915Z,2026-05-27T05:59:25.990Z,0,Leak resolved. Duration: 0 minutes
A8-011,GVM202601485,External Device,LEAK_STARTED,Alert,2026-05-27T06:09:14.390Z,2026-05-27T06:09:29.327Z,0,Leak resolved. Duration: 0 minutes
A8-009,GVM202601474,External Device,LEAK_STARTED,Alert,2026-05-27T06:14:34.127Z,2026-05-27T06:14:52.141Z,0,Leak resolved. Duration: 0 minutes
A8-010,GVM202601483,External Device,LEAK_STARTED,Alert,2026-05-27T06:22:15.651Z,2026-05-27T06:22:27.565Z,0,Leak resolved. Duration: 0 minutes
A8-009,GVM202601474,External Device,LEAK_STARTED,Alert,2026-05-27T06:29:41.309Z,2026-05-27T06:29:59.203Z,0,Leak resolved. Duration: 0 minutes
A8-011,GVM202601485,External Device,LEAK_STARTED,Alert,2026-05-27T06:29:43.191Z,2026-05-27T06:29:56.262Z,0,Leak resolved. Duration: 0 minutes
A8-010,GVM202601483,External Device,LEAK_STARTED,Alert,2026-05-27T06:46:25.170Z,2026-05-27T06:46:39.126Z,0,Leak resolved. Duration: 0 minutes
A8-011,GVM202601485,External Device,LEAK_STARTED,Alert,2026-05-27T06:52:12.914Z,2026-05-27T06:52:27.823Z,0,Leak resolved. Duration: 0 minutes
A8-009,GVM202601474,External Device,LEAK_STARTED,Alert,2026-05-27T06:59:37.493Z,2026-05-27T06:59:55.438Z,0,Leak resolved. Duration: 0 minutes
A8-011,GVM202601485,External Device,LEAK_STARTED,Alert,2026-05-27T07:12:13.775Z,2026-05-27T07:12:26.641Z,0,Leak resolved. Duration: 0 minutes
A8-010,GVM202601483,External Device,LEAK_STARTED,Alert,2026-05-27T07:20:10.157Z,2026-05-27T07:20:25.198Z,0,Leak resolved. Duration: 0 minutes
A8-009,GVM202601474,External Device,LEAK_STARTED,Alert,2026-05-27T07:24:40.000Z,2026-05-27T07:24:56.960Z,0,Leak resolved. Duration: 0 minutes
A8-011,GVM202601485,External Device,LEAK_STARTED,Alert,2026-05-27T08:33:36.826Z,2026-05-27T08:33:51.751Z,0,Leak resolved. Duration: 0 minutes
A8-009,GVM202601474,External Device,LEAK_STARTED,Alert,2026-05-27T08:36:40.775Z,2026-05-27T08:36:56.684Z,0,Leak resolved. Duration: 0 minutes
A8-010,GVM202601483,External Device,LEAK_STARTED,Alert,2026-05-27T08:44:41.097Z,2026-05-27T08:44:54.999Z,0,Leak resolved. Duration: 0 minutes
A8-011,GVM202601485,External Device,LEAK_STARTED,Alert,2026-05-27T08:54:11.533Z,2026-05-27T08:54:28.454Z,0,Leak resolved. Duration: 0 minutes
A8-009,GVM202601474,External Device,LEAK_STARTED,Alert,2026-05-27T08:57:06.440Z,2026-05-27T08:57:22.393Z,0,Leak resolved. Duration: 0 minutes
A8-011,GVM202601485,External Device,LEAK_STARTED,Alert,2026-05-27T09:03:05.064Z,2026-05-27T09:03:22.054Z,0,Leak resolved. Duration: 0 minutes
A8-010,GVM202601483,External Device,LEAK_STARTED,Alert,2026-05-27T09:14:27.246Z,2026-05-27T09:14:41.171Z,0,Leak resolved. Duration: 0 minutes
A8-009,GVM202601474,External Device,LEAK_STARTED,Alert,2026-05-27T09:14:36.613Z,2026-05-27T09:14:53.569Z,0,Leak resolved. Duration: 0 minutes
A8-010,GVM202601483,External Device,LEAK_STARTED,Alert,2026-05-27T09:20:45.817Z,2026-05-27T09:20:59.741Z,0,Leak resolved. Duration: 0 minutes
A8-011,GVM202601485,External Device,LEAK_STARTED,Alert,2026-05-27T09:30:15.646Z,2026-05-27T09:30:32.604Z,0,Leak resolved. Duration: 0 minutes
A8-009,GVM202601474,External Device,LEAK_STARTED,Alert,2026-05-27T09:36:20.447Z,2026-05-27T09:36:36.493Z,0,Leak resolved. Duration: 0 minutes
A8-010,GVM202601483,External Device,LEAK_STARTED,Alert,2026-05-27T09:42:22.601Z,2026-05-27T09:42:36.535Z,0,Leak resolved. Duration: 0 minutes
A8-010,GVM202601483,External Device,LEAK_STARTED,Alert,2026-05-27T09:51:00.127Z,2026-05-27T09:51:13.016Z,0,Leak resolved. Duration: 0 minutes
A8-009,GVM202601474,External Device,LEAK_STARTED,Alert,2026-05-27T10:09:34.440Z,2026-05-27T10:09:51.434Z,0,Leak resolved. Duration: 0 minutes
A8-010,GVM202601483,External Device,LEAK_STARTED,Alert,2026-05-27T10:15:57.528Z,2026-05-27T10:16:12.481Z,0,Leak resolved. Duration: 0 minutes
A8-009,GVM202601474,External Device,LEAK_STARTED,Alert,2026-05-27T10:26:59.386Z,2026-05-27T10:27:17.344Z,0,Leak resolved. Duration: 0 minutes
A8-009,GVM202601474,External Device,STATUS_CHANGED,Online,2026-05-27T10:51:46.780Z,,,Status changed from Unknown to Online
A8-010,GVM202601483,External Device,STATUS_CHANGED,Online,2026-05-27T10:51:49.319Z,,,Status changed from Unknown to Online
A8-009,GVM202601474,External Device,LEAK_STARTED,Alert,2026-05-27T10:52:10.032Z,2026-05-27T10:52:21.893Z,0,Leak resolved. Duration: 0 minutes
A8-010,GVM202601483,External Device,LEAK_STARTED,Alert,2026-05-27T10:56:34.123Z,2026-05-27T10:56:47.638Z,0,Leak resolved. Duration: 0 minutes
A8-010,GVM202601483,External Device,LEAK_STARTED,Alert,2026-05-27T10:56:55.729Z,2026-05-27T10:57:08.737Z,0,Leak resolved. Duration: 0 minutes
A8-009,GVM202601474,External Device,LEAK_STARTED,Alert,2026-05-27T11:06:24.158Z,2026-05-27T11:06:41.036Z,0,Leak resolved. Duration: 0 minutes
A8-010,GVM202601483,External Device,LEAK_STARTED,Alert,2026-05-27T11:07:25.286Z,2026-05-27T11:07:39.209Z,0,Leak resolved. Duration: 0 minutes
A8-009,GVM202601474,External Device,LEAK_STARTED,Alert,2026-05-27T11:11:24.912Z,2026-05-27T11:11:41.873Z,0,Leak resolved. Duration: 0 minutes
A8-011,GVM202601485,External Device,STATUS_CHANGED,Online,2026-05-27T11:14:34.232Z,,,Status changed from Unknown to Online
A8-011,GVM202601485,External Device,LEAK_STARTED,Alert,2026-05-27T11:14:39.185Z,2026-05-27T11:14:55.144Z,0,Leak resolved. Duration: 0 minutes
A8-010,GVM202601483,External Device,LEAK_STARTED,Alert,2026-05-27T11:27:49.479Z,2026-05-27T11:28:05.932Z,0,Leak resolved. Duration: 0 minutes
A8-009,GVM202601474,External Device,LEAK_STARTED,Alert,2026-05-27T11:33:34.664Z,2026-05-27T11:33:51.560Z,0,Leak resolved. Duration: 0 minutes
A8-009,GVM202601474,External Device,STATUS_CHANGED,Online,2026-05-27T11:42:53.234Z,,,Status changed from Unknown to Online
A8-011,GVM202601485,External Device,STATUS_CHANGED,Online,2026-05-27T11:42:53.627Z,,,Status changed from Unknown to Online
A8-010,GVM202601483,External Device,STATUS_CHANGED,Online,2026-05-27T11:42:53.634Z,,,Status changed from Unknown to Online
A8-009,GVM202601474,External Device,LEAK_STARTED,Alert,2026-05-27T11:43:47.339Z,2026-05-27T11:44:04.394Z,0,Leak resolved. Duration: 0 minutes
A8-011,GVM202601485,External Device,LEAK_STARTED,Alert,2026-05-27T11:45:25.291Z,2026-05-27T11:45:39.220Z,0,Leak resolved. Duration: 0 minutes
A8-010,GVM202601483,External Device,LEAK_STARTED,Alert,2026-05-27T12:00:38.318Z,2026-05-27T12:00:51.388Z,0,Leak resolved. Duration: 0 minutes
A8-009,GVM202601474,External Device,STATUS_CHANGED,Online,2026-06-01T04:32:00.689Z,,,Status changed from Unknown to Online
A8-011,GVM202601485,External Device,STATUS_CHANGED,Online,2026-06-01T04:32:00.765Z,,,Status changed from Unknown to Online
A8-010,GVM202601483,External Device,STATUS_CHANGED,Online,2026-06-01T04:32:00.783Z,,,Status changed from Unknown to Online
A8-009,GVM202601474,External Device,LEAK_STARTED,Alert,2026-06-01T04:32:11.725Z,2026-06-01T04:32:29.642Z,0,Leak resolved. Duration: 0 minutes
A8-011,GVM202601485,External Device,LEAK_STARTED,Alert,2026-06-01T04:41:46.136Z,2026-06-01T04:42:19.069Z,1,Leak resolved. Duration: 1 minutes
A8-011,GVM202601485,External Device,LEAK_STARTED,Alert,2026-06-01T04:48:14.735Z,2026-06-01T04:48:30.772Z,0,Leak resolved. Duration: 0 minutes
A8-010,GVM202601483,External Device,LEAK_STARTED,Alert,2026-06-01T04:50:15.649Z,2026-06-01T04:50:29.588Z,0,Leak resolved. Duration: 0 minutes
A8-009,GVM202601474,External Device,LEAK_STARTED,Alert,2026-06-01T04:57:37.171Z,2026-06-01T04:57:53.124Z,0,Leak resolved. Duration: 0 minutes
A8-011,GVM202601485,External Device,LEAK_STARTED,Alert,2026-06-01T05:08:22.915Z,2026-06-01T05:08:37.035Z,0,Leak resolved. Duration: 0 minutes
A8-010,GVM202601483,External Device,LEAK_STARTED,Alert,2026-06-01T05:10:37.868Z,2026-06-01T05:10:51.387Z,0,Leak resolved. Duration: 0 minutes
A8-011,GVM202601485,External Device,STATUS_CHANGED,Online,2026-06-01T05:15:50.125Z,,,Status changed from No Communication to Online
A8-010,GVM202601483,External Device,STATUS_CHANGED,Online,2026-06-01T05:15:50.146Z,,,Status changed from No Communication to Online
A8-009,GVM202601474,External Device,STATUS_CHANGED,Online,2026-06-01T05:15:50.247Z,,,Status changed from No Communication to Online
A8-011,GVM202601485,External Device,LEAK_STARTED,Alert,2026-06-01T05:16:08.130Z,2026-06-01T05:16:24.075Z,0,Leak resolved. Duration: 0 minutes
A8-010,GVM202601483,External Device,LEAK_STARTED,Alert,2026-06-01T05:16:38.170Z,2026-06-01T05:16:54.084Z,0,Leak resolved. Duration: 0 minutes
A8-009,GVM202601474,External Device,LEAK_STARTED,Alert,2026-06-01T05:24:47.601Z,2026-06-01T05:25:04.639Z,0,Leak resolved. Duration: 0 minutes
A8-011,GVM202601485,External Device,LEAK_STARTED,Alert,2026-06-01T05:28:27.493Z,2026-06-01T05:28:43.336Z,0,Leak resolved. Duration: 0 minutes
A8-010,GVM202601483,External Device,LEAK_STARTED,Alert,2026-06-01T05:29:16.443Z,2026-06-01T05:29:31.391Z,0,Leak resolved. Duration: 0 minutes
A8-009,GVM202601474,External Device,LEAK_STARTED,Alert,2026-06-01T05:35:37.702Z,2026-06-01T05:35:52.894Z,0,Leak resolved. Duration: 0 minutes
A8-011,GVM202601485,External Device,LEAK_STARTED,Alert,2026-06-01T06:00:00.569Z,2026-06-01T06:00:07.440Z,0,Leak resolved. Duration: 0 minutes
A8-010,GVM202601483,External Device,LEAK_STARTED,Alert,2026-06-01T06:04:38.268Z,2026-06-01T06:04:53.173Z,0,Leak resolved. Duration: 0 minutes
A8-009,GVM202601474,External Device,LEAK_STARTED,Alert,2026-06-01T06:12:13.741Z,2026-06-01T06:12:29.698Z,0,Leak resolved. Duration: 0 minutes
A8-011,GVM202601485,External Device,LEAK_STARTED,Alert,2026-06-01T06:20:19.318Z,2026-06-01T06:20:33.249Z,0,Leak resolved. Duration: 0 minutes
A8-011,GVM202601485,External Device,STATUS_CHANGED,Online,2026-06-01T08:51:57.633Z,,,Status changed from No Communication to Online
A8-010,GVM202601483,External Device,STATUS_CHANGED,Online,2026-06-01T08:51:57.725Z,,,Status changed from No Communication to Online
A8-009,GVM202601474,External Device,STATUS_CHANGED,Online,2026-06-01T08:51:58.184Z,,,Status changed from No Communication to Online
A8-009,GVM202601474,External Device,LEAK_STARTED,Alert,2026-06-01T09:09:15.245Z,2026-06-01T09:09:31.137Z,0,Leak resolved. Duration: 0 minutes
A8-011,GVM202601485,External Device,LEAK_STARTED,Alert,2026-06-01T09:21:53.000Z,2026-06-01T09:22:08.217Z,0,Leak resolved. Duration: 0 minutes
A8-010,GVM202601483,External Device,LEAK_STARTED,Alert,2026-06-01T09:24:48.729Z,2026-06-01T09:25:02.682Z,0,Leak resolved. Duration: 0 minutes
A8-010,GVM202601483,External Device,LEAK_STARTED,Alert,2026-06-01T09:29:49.423Z,2026-06-01T09:30:03.375Z,0,Leak resolved. Duration: 0 minutes
A8-009,GVM202601474,External Device,LEAK_STARTED,Alert,2026-06-01T09:35:57.591Z,2026-06-01T09:36:14.528Z,0,Leak resolved. Duration: 0 minutes
A8-011,GVM202601485,External Device,LEAK_STARTED,Alert,2026-06-01T09:41:52.667Z,2026-06-01T09:42:10.039Z,0,Leak resolved. Duration: 0 minutes
A8-010,GVM202601483,External Device,LEAK_STARTED,Alert,2026-06-01T09:44:22.114Z,2026-06-01T09:44:34.608Z,0,Leak resolved. Duration: 0 minutes
A8-009,GVM202601474,External Device,LEAK_STARTED,Alert,2026-06-01T09:48:24.907Z,2026-06-01T09:48:37.908Z,0,Leak resolved. Duration: 0 minutes
A8-011,GVM202601485,External Device,LEAK_STARTED,Alert,2026-06-01T10:01:44.953Z,2026-06-01T10:01:55.603Z,0,Leak resolved. Duration: 0 minutes
A8-010,GVM202601483,External Device,LEAK_STARTED,Alert,2026-06-01T10:11:06.928Z,2026-06-01T10:11:21.104Z,0,Leak resolved. Duration: 0 minutes
A8-009,GVM202601474,External Device,LEAK_STARTED,Alert,2026-06-01T10:24:44.689Z,2026-06-01T10:25:01.686Z,0,Leak resolved. Duration: 0 minutes
A8-011,GVM202601485,External Device,LEAK_STARTED,Alert,2026-06-01T10:29:27.797Z,2026-06-01T10:29:42.743Z,0,Leak resolved. Duration: 0 minutes
A8-010,GVM202601483,External Device,LEAK_STARTED,Alert,2026-06-01T10:31:37.684Z,2026-06-01T10:31:52.637Z,0,Leak resolved. Duration: 0 minutes
A8-009,GVM202601474,External Device,LEAK_STARTED,Alert,2026-06-01T10:38:07.925Z,2026-06-01T10:38:24.777Z,0,Leak resolved. Duration: 0 minutes
A8-011,GVM202601485,External Device,LEAK_STARTED,Alert,2026-06-01T10:42:27.004Z,2026-06-01T10:42:39.949Z,0,Leak resolved. Duration: 0 minutes
A8-010,GVM202601483,External Device,LEAK_STARTED,Alert,2026-06-01T11:10:45.315Z,2026-06-01T11:10:59.316Z,0,Leak resolved. Duration: 0 minutes
A8-009,GVM202601474,External Device,LEAK_STARTED,Alert,2026-06-01T11:13:53.697Z,2026-06-01T11:14:11.039Z,0,Leak resolved. Duration: 0 minutes
A8-011,GVM202601485,External Device,LEAK_STARTED,Alert,2026-06-01T11:29:57.539Z,2026-06-01T11:30:09.095Z,0,Leak resolved. Duration: 0 minutes
A8-010,GVM202601483,External Device,LEAK_STARTED,Alert,2026-06-01T11:33:07.962Z,2026-06-01T11:33:22.910Z,0,Leak resolved. Duration: 0 minutes
A8-009,GVM202601474,External Device,LEAK_STARTED,Alert,2026-06-01T11:42:21.964Z,2026-06-01T11:42:37.921Z,0,Leak resolved. Duration: 0 minutes
A8-011,GVM202601485,External Device,LEAK_STARTED,Alert,2026-06-01T11:49:05.983Z,2026-06-01T11:49:21.242Z,0,Leak resolved. Duration: 0 minutes
A8-010,GVM202601483,External Device,LEAK_STARTED,Alert,2026-06-01T11:52:31.783Z,2026-06-01T11:52:45.848Z,0,Leak resolved. Duration: 0 minutes
A8-009,GVM202601474,External Device,LEAK_STARTED,Alert,2026-06-01T12:01:23.892Z,2026-06-01T12:01:38.778Z,0,Leak resolved. Duration: 0 minutes
A8-011,GVM202601485,External Device,LEAK_STARTED,Alert,2026-06-01T12:02:12.197Z,2026-06-01T12:02:27.177Z,0,Leak resolved. Duration: 0 minutes
A8-010,GVM202601483,External Device,LEAK_STARTED,Alert,2026-06-01T12:03:52.102Z,2026-06-01T12:04:03.687Z,0,Leak resolved. Duration: 0 minutes
A8-009,GVM202601474,External Device,LEAK_STARTED,Alert,2026-06-01T12:08:48.388Z,2026-06-01T12:09:05.545Z,0,Leak resolved. Duration: 0 minutes
A8-010,GVM202601483,External Device,STATUS_CHANGED,Online,2026-06-03T04:07:01.194Z,,,Status changed from Unknown to Online
A8-011,GVM202601485,External Device,STATUS_CHANGED,Online,2026-06-03T04:07:01.235Z,,,Status changed from Unknown to Online
A8-009,GVM202601474,External Device,STATUS_CHANGED,Online,2026-06-03T04:07:01.908Z,,,Status changed from Unknown to Online
A8-009,GVM202601474,External Device,LEAK_STARTED,Alert,2026-06-03T04:11:41.527Z,2026-06-03T04:11:56.263Z,0,Leak resolved. Duration: 0 minutes
A8-011,GVM202601485,External Device,LEAK_STARTED,Alert,2026-06-03T04:13:06.989Z,2026-06-03T04:13:21.052Z,0,Leak resolved. Duration: 0 minutes
A8-010,GVM202601483,External Device,LEAK_STARTED,Alert,2026-06-03T04:21:35.636Z,2026-06-03T04:21:49.493Z,0,Leak resolved. Duration: 0 minutes
A8-009,GVM202601474,External Device,LEAK_STARTED,Alert,2026-06-03T04:34:37.772Z,2026-06-03T04:34:53.147Z,0,Leak resolved. Duration: 0 minutes
A8-009,GVM202601474,External Device,LEAK_STARTED,Alert,2026-06-03T04:35:06.741Z,2026-06-03T04:35:22.720Z,0,Leak resolved. Duration: 0 minutes
A8-010,GVM202601483,External Device,LEAK_STARTED,Alert,2026-06-03T04:53:24.683Z,2026-06-03T04:53:39.944Z,0,Leak resolved. Duration: 0 minutes
A8-009,GVM202601474,External Device,LEAK_STARTED,Alert,2026-06-03T05:06:43.889Z,2026-06-03T05:07:00.171Z,0,Leak resolved. Duration: 0 minutes
A8-011,GVM202601485,External Device,LEAK_STARTED,Alert,2026-06-03T05:25:44.099Z,2026-06-03T05:25:59.458Z,0,Leak resolved. Duration: 0 minutes
A8-010,GVM202601483,External Device,LEAK_STARTED,Alert,2026-06-03T05:34:11.597Z,2026-06-03T05:34:25.065Z,0,Leak resolved. Duration: 0 minutes
A8-011,GVM202601485,External Device,LEAK_STARTED,Alert,2026-06-03T05:55:53.168Z,2026-06-03T05:56:06.717Z,0,Leak resolved. Duration: 0 minutes
A8-010,GVM202601483,External Device,LEAK_STARTED,Alert,2026-06-03T06:01:44.436Z,2026-06-03T06:01:58.434Z,0,Leak resolved. Duration: 0 minutes
A8-009,GVM202601474,External Device,LEAK_STARTED,Alert,2026-06-03T06:08:36.053Z,2026-06-03T06:08:51.060Z,0,Leak resolved. Duration: 0 minutes
A8-011,GVM202601485,External Device,LEAK_STARTED,Alert,2026-06-03T06:14:05.657Z,2026-06-03T06:14:19.467Z,0,Leak resolved. Duration: 0 minutes
A8-010,GVM202601483,External Device,LEAK_STARTED,Alert,2026-06-03T06:17:36.473Z,2026-06-03T06:17:50.455Z,0,Leak resolved. Duration: 0 minutes
A8-010,GVM202601483,External Device,LEAK_STARTED,Alert,2026-06-03T06:20:51.395Z,2026-06-03T06:21:06.350Z,0,Leak resolved. Duration: 0 minutes
A8-009,GVM202601474,External Device,LEAK_STARTED,Alert,2026-06-03T06:28:04.953Z,2026-06-03T06:28:21.337Z,0,Leak resolved. Duration: 0 minutes
A8-011,GVM202601485,External Device,LEAK_STARTED,Alert,2026-06-03T06:36:11.357Z,2026-06-03T06:36:24.267Z,0,Leak resolved. Duration: 0 minutes
A8-010,GVM202601483,External Device,LEAK_STARTED,Alert,2026-06-03T06:40:19.158Z,2026-06-03T06:40:32.048Z,0,Leak resolved. Duration: 0 minutes
A8-009,GVM202601474,External Device,LEAK_STARTED,Alert,2026-06-03T06:48:08.707Z,2026-06-03T06:48:23.766Z,0,Leak resolved. Duration: 0 minutes
A8-011,GVM202601485,External Device,LEAK_STARTED,Alert,2026-06-03T07:04:05.064Z,2026-06-03T07:04:18.680Z,0,Leak resolved. Duration: 0 minutes
A8-010,GVM202601483,External Device,LEAK_STARTED,Alert,2026-06-03T07:10:01.289Z,2026-06-03T07:10:15.239Z,0,Leak resolved. Duration: 0 minutes
A8-009,GVM202601474,External Device,LEAK_STARTED,Alert,2026-06-03T07:21:27.650Z,2026-06-03T07:21:42.643Z,0,Leak resolved. Duration: 0 minutes
A8-009,GVM202601474,External Device,LEAK_STARTED,Alert,2026-06-03T08:43:12.107Z,2026-06-03T08:43:24.657Z,0,Leak resolved. Duration: 0 minutes
A8-009,GVM202601474,External Device,LEAK_STARTED,Alert,2026-06-03T09:01:00.815Z,2026-06-03T09:01:13.658Z,0,Leak resolved. Duration: 0 minutes
A8-011,GVM202601485,External Device,LEAK_STARTED,Alert,2026-06-03T09:23:17.366Z,2026-06-03T09:23:30.241Z,0,Leak resolved. Duration: 0 minutes
A8-010,GVM202601483,External Device,LEAK_STARTED,Alert,2026-06-03T09:29:35.064Z,2026-06-03T09:29:47.625Z,0,Leak resolved. Duration: 0 minutes
A8-009,GVM202601474,External Device,LEAK_STARTED,Alert,2026-06-03T09:42:35.982Z,2026-06-03T09:42:48.037Z,0,Leak resolved. Duration: 0 minutes
A8-010,GVM202601483,External Device,LEAK_STARTED,Alert,2026-06-03T09:43:42.799Z,2026-06-03T09:43:55.783Z,0,Leak resolved. Duration: 0 minutes
A8-011,GVM202601485,External Device,LEAK_STARTED,Alert,2026-06-03T11:04:26.557Z,2026-06-03T11:04:40.560Z,0,Leak resolved. Duration: 0 minutes
A8-011,GVM202601485,External Device,LEAK_STARTED,Alert,2026-06-03T11:07:55.332Z,2026-06-03T11:08:08.362Z,0,Leak resolved. Duration: 0 minutes
A8-010,GVM202601483,External Device,LEAK_STARTED,Alert,2026-06-03T11:10:27.299Z,2026-06-03T11:10:43.080Z,0,Leak resolved. Duration: 0 minutes
A8-011,GVM202601485,External Device,LEAK_STARTED,Alert,2026-06-03T11:11:07.618Z,2026-06-03T11:11:23.590Z,0,Leak resolved. Duration: 0 minutes
A8-011,GVM202601485,External Device,LEAK_STARTED,Alert,2026-06-03T11:20:14.107Z,2026-06-03T11:20:29.088Z,0,Leak resolved. Duration: 0 minutes
A8-011,GVM202601485,External Device,LEAK_STARTED,Alert,2026-06-03T11:20:34.133Z,2026-06-03T11:20:49.194Z,0,Leak resolved. Duration: 0 minutes
A8-010,GVM202601483,External Device,STATUS_CHANGED,Online,2026-06-04T04:14:07.592Z,,,Status changed from Unknown to Online
A8-011,GVM202601485,External Device,LEAK_STARTED,Alert,2026-06-04T04:19:04.652Z,2026-06-04T04:19:18.608Z,0,Leak resolved. Duration: 0 minutes
A8-010,GVM202601483,External Device,LEAK_STARTED,Alert,2026-06-04T04:33:23.828Z,2026-06-04T04:33:38.768Z,0,Leak resolved. Duration: 0 minutes
A8-010,GVM202601483,External Device,STATUS_CHANGED,Online,2026-06-04T05:30:20.518Z,,,Status changed from Unknown to Online
A8-011,GVM202601485,External Device,STATUS_CHANGED,Online,2026-06-04T05:30:23.437Z,,,Status changed from Unknown to Online
A8-011,GVM202601485,External Device,LEAK_STARTED,Alert,2026-06-04T05:33:59.653Z,2026-06-04T05:34:12.714Z,0,Leak resolved. Duration: 0 minutes
A8-011,GVM202601485,External Device,LEAK_STARTED,Alert,2026-06-04T05:34:18.629Z,2026-06-04T05:34:32.588Z,0,Leak resolved. Duration: 0 minutes
A8-010,GVM202601483,External Device,LEAK_STARTED,Alert,2026-06-04T05:58:24.191Z,2026-06-04T05:58:40.142Z,0,Leak resolved. Duration: 0 minutes
A8-011,GVM202601485,External Device,LEAK_STARTED,Alert,2026-06-04T06:05:38.797Z,2026-06-04T06:05:53.343Z,0,Leak resolved. Duration: 0 minutes
A8-010,GVM202601483,External Device,LEAK_STARTED,Alert,2026-06-04T06:29:40.286Z,2026-06-04T06:29:56.252Z,0,Leak resolved. Duration: 0 minutes
A8-011,GVM202601485,External Device,LEAK_STARTED,Alert,2026-06-04T06:53:21.899Z,2026-06-04T06:53:36.814Z,0,Leak resolved. Duration: 0 minutes
A8-010,GVM202601483,External Device,LEAK_STARTED,Alert,2026-06-04T06:56:04.822Z,2026-06-04T06:56:18.670Z,0,Leak resolved. Duration: 0 minutes
A8-011,GVM202601485,External Device,LEAK_STARTED,Alert,2026-06-04T07:06:06.209Z,2026-06-04T07:06:20.031Z,0,Leak resolved. Duration: 0 minutes
A8-010,GVM202601483,External Device,LEAK_STARTED,Alert,2026-06-04T07:17:30.462Z,2026-06-04T07:17:45.416Z,0,Leak resolved. Duration: 0 minutes
A8-011,GVM202601485,External Device,LEAK_STARTED,Alert,2026-06-04T08:44:02.628Z,2026-06-04T08:44:16.656Z,0,Leak resolved. Duration: 0 minutes
A8-011,GVM202601485,External Device,LEAK_STARTED,Alert,2026-06-04T08:56:02.004Z,2026-06-04T08:56:16.862Z,0,Leak resolved. Duration: 0 minutes
A8-010,GVM202601483,External Device,LEAK_STARTED,Alert,2026-06-04T08:59:27.672Z,2026-06-04T08:59:42.625Z,0,Leak resolved. Duration: 0 minutes
A8-010,GVM202601483,External Device,LEAK_STARTED,Alert,2026-06-04T09:07:28.399Z,2026-06-04T09:07:43.158Z,0,Leak resolved. Duration: 0 minutes
A8-011,GVM202601485,External Device,LEAK_STARTED,Alert,2026-06-04T09:51:16.577Z,2026-06-04T09:51:31.565Z,0,Leak resolved. Duration: 0 minutes
A8-010,GVM202601483,External Device,LEAK_STARTED,Alert,2026-06-04T09:59:27.107Z,2026-06-04T09:59:39.040Z,0,Leak resolved. Duration: 0 minutes
A8-011,GVM202601485,External Device,LEAK_STARTED,Alert,2026-06-04T10:08:08.563Z,2026-06-04T10:08:20.301Z,0,Leak resolved. Duration: 0 minutes
A8-011,GVM202601485,External Device,LEAK_STARTED,Alert,2026-06-04T10:53:51.934Z,2026-06-04T10:54:04.899Z,0,Leak resolved. Duration: 0 minutes
A8-010,GVM202601483,External Device,LEAK_STARTED,Alert,2026-06-04T11:07:09.614Z,2026-06-04T11:07:23.062Z,0,Leak resolved. Duration: 0 minutes
A8-011,GVM202601485,External Device,LEAK_STARTED,Alert,2026-06-04T11:15:45.601Z,2026-06-04T11:15:58.608Z,0,Leak resolved. Duration: 0 minutes
A8-010,GVM202601483,External Device,LEAK_STARTED,Alert,2026-06-04T11:26:53.924Z,2026-06-04T11:27:10.962Z,0,Leak resolved. Duration: 0 minutes
A8-010,GVM202601483,External Device,LEAK_STARTED,Alert,2026-06-04T11:53:34.360Z,2026-06-04T11:53:49.229Z,0,Leak resolved. Duration: 0 minutes
A8-011,GVM202601485,External Device,STATUS_CHANGED,Online,2026-06-05T04:20:55.762Z,,,Status changed from Unknown to Online
A8-010,GVM202601483,External Device,STATUS_CHANGED,Online,2026-06-05T04:20:56.886Z,,,Status changed from Unknown to Online
A8-010,GVM202601483,External Device,LEAK_STARTED,Alert,2026-06-05T04:22:10.825Z,2026-06-05T04:22:25.662Z,0,Leak resolved. Duration: 0 minutes
A8-011,GVM202601485,External Device,LEAK_STARTED,Alert,2026-06-05T04:40:06.624Z,2026-06-05T04:40:20.999Z,0,Leak resolved. Duration: 0 minutes
A8-010,GVM202601483,External Device,LEAK_STARTED,Alert,2026-06-05T05:29:34.299Z,2026-06-05T05:29:49.242Z,0,Leak resolved. Duration: 0 minutes
A8-011,GVM202601485,External Device,LEAK_STARTED,Alert,2026-06-05T05:29:48.309Z,2026-06-05T05:30:03.858Z,0,Leak resolved. Duration: 0 minutes
A8-010,GVM202601483,External Device,LEAK_STARTED,Alert,2026-06-05T06:17:27.002Z,2026-06-05T06:17:41.777Z,0,Leak resolved. Duration: 0 minutes
A8-010,GVM202601483,External Device,LEAK_STARTED,Alert,2026-06-05T06:24:06.900Z,2026-06-05T06:24:20.931Z,0,Leak resolved. Duration: 0 minutes
A8-010,GVM202601483,External Device,LEAK_STARTED,Alert,2026-06-05T06:29:11.490Z,2026-06-05T06:29:25.447Z,0,Leak resolved. Duration: 0 minutes
A8-011,GVM202601485,External Device,LEAK_STARTED,Alert,2026-06-05T06:29:15.935Z,2026-06-05T06:29:29.480Z,0,Leak resolved. Duration: 0 minutes
A8-010,GVM202601483,External Device,LEAK_STARTED,Alert,2026-06-05T06:39:53.830Z,2026-06-05T06:40:06.863Z,0,Leak resolved. Duration: 0 minutes
A8-010,GVM202601483,External Device,LEAK_STARTED,Alert,2026-06-05T06:40:14.817Z,2026-06-05T06:40:26.779Z,0,Leak resolved. Duration: 0 minutes
A8-011,GVM202601485,External Device,LEAK_STARTED,Alert,2026-06-05T06:40:20.859Z,2026-06-05T06:40:33.898Z,0,Leak resolved. Duration: 0 minutes
A8-010,GVM202601483,External Device,LEAK_STARTED,Alert,2026-06-05T06:59:00.944Z,2026-06-05T06:59:15.904Z,0,Leak resolved. Duration: 0 minutes
A8-011,GVM202601485,External Device,LEAK_STARTED,Alert,2026-06-05T07:24:54.717Z,2026-06-05T07:25:09.740Z,0,Leak resolved. Duration: 0 minutes
A8-010,GVM202601483,External Device,LEAK_STARTED,Alert,2026-06-05T07:25:22.698Z,2026-06-05T07:25:39.691Z,0,Leak resolved. Duration: 0 minutes
A8-010,GVM202601483,External Device,LEAK_STARTED,Alert,2026-06-05T08:28:34.680Z,2026-06-05T08:28:48.006Z,0,Leak resolved. Duration: 0 minutes
A8-011,GVM202601485,External Device,LEAK_STARTED,Alert,2026-06-05T08:28:55.131Z,2026-06-05T08:29:10.586Z,0,Leak resolved. Duration: 0 minutes
A8-010,GVM202601483,External Device,LEAK_STARTED,Alert,2026-06-05T08:42:33.730Z,2026-06-05T08:42:47.184Z,0,Leak resolved. Duration: 0 minutes
A8-010,GVM202601483,External Device,LEAK_STARTED,Alert,2026-06-05T08:53:02.614Z,2026-06-05T08:53:16.555Z,0,Leak resolved. Duration: 0 minutes
A8-010,GVM202601483,External Device,LEAK_STARTED,Alert,2026-06-05T08:57:08.375Z,2026-06-05T08:57:20.421Z,0,Leak resolved. Duration: 0 minutes
A8-011,GVM202601485,External Device,LEAK_STARTED,Alert,2026-06-05T08:57:09.467Z,2026-06-05T08:57:23.391Z,0,Leak resolved. Duration: 0 minutes
A8-010,GVM202601483,External Device,LEAK_STARTED,Alert,2026-06-05T09:00:35.157Z,2026-06-05T09:00:49.139Z,0,Leak resolved. Duration: 0 minutes
A8-011,GVM202601485,External Device,LEAK_STARTED,Alert,2026-06-05T09:00:38.240Z,2026-06-05T09:00:50.249Z,0,Leak resolved. Duration: 0 minutes
A8-010,GVM202601483,External Device,LEAK_STARTED,Alert,2026-06-05T09:05:48.246Z,2026-06-05T09:05:59.797Z,0,Leak resolved. Duration: 0 minutes
A8-011,GVM202601485,External Device,LEAK_STARTED,Alert,2026-06-05T09:06:32.865Z,2026-06-05T09:06:46.814Z,0,Leak resolved. Duration: 0 minutes
A8-010,GVM202601483,External Device,LEAK_STARTED,Alert,2026-06-05T09:06:40.790Z,2026-06-05T09:06:55.766Z,0,Leak resolved. Duration: 0 minutes
A8-010,GVM202601483,External Device,LEAK_STARTED,Alert,2026-06-05T09:12:02.726Z,2026-06-05T09:12:18.493Z,0,Leak resolved. Duration: 0 minutes
A8-011,GVM202601485,External Device,LEAK_STARTED,Alert,2026-06-05T09:16:49.346Z,2026-06-05T09:17:04.692Z,0,Leak resolved. Duration: 0 minutes
A8-010,GVM202601483,External Device,LEAK_STARTED,Alert,2026-06-05T09:24:11.747Z,2026-06-05T09:24:27.100Z,0,Leak resolved. Duration: 0 minutes
A8-011,GVM202601485,External Device,LEAK_STARTED,Alert,2026-06-05T09:24:23.996Z,2026-06-05T09:24:37.768Z,0,Leak resolved. Duration: 0 minutes
A8-010,GVM202601483,External Device,LEAK_STARTED,Alert,2026-06-05T09:31:43.356Z,2026-06-05T09:31:57.330Z,0,Leak resolved. Duration: 0 minutes
A8-011,GVM202601485,External Device,LEAK_STARTED,Alert,2026-06-05T09:40:16.842Z,2026-06-05T09:40:30.804Z,0,Leak resolved. Duration: 0 minutes
A8-010,GVM202601483,External Device,LEAK_STARTED,Alert,2026-06-05T09:46:59.461Z,2026-06-05T09:47:15.720Z,0,Leak resolved. Duration: 0 minutes
A8-010,GVM202601483,External Device,LEAK_STARTED,Alert,2026-06-05T10:01:57.811Z,2026-06-05T10:02:04.569Z,0,Leak resolved. Duration: 0 minutes
A8-011,GVM202601485,External Device,LEAK_STARTED,Alert,2026-06-05T10:24:45.484Z,2026-06-05T10:24:59.120Z,0,Leak resolved. Duration: 0 minutes
A8-011,GVM202601485,External Device,LEAK_STARTED,Alert,2026-06-05T10:27:23.397Z,2026-06-05T10:27:37.959Z,0,Leak resolved. Duration: 0 minutes
A8-010,GVM202601483,External Device,LEAK_STARTED,Alert,2026-06-05T10:46:17.783Z,2026-06-05T10:46:30.855Z,0,Leak resolved. Duration: 0 minutes
A8-010,GVM202601483,External Device,LEAK_STARTED,Alert,2026-06-05T10:57:51.552Z,2026-06-05T10:58:06.064Z,0,Leak resolved. Duration: 0 minutes
A8-011,GVM202601485,External Device,LEAK_STARTED,Alert,2026-06-05T11:09:17.868Z,2026-06-05T11:09:31.503Z,0,Leak resolved. Duration: 0 minutes
A8-011,GVM202601485,External Device,LEAK_STARTED,Alert,2026-06-05T11:14:12.387Z,2026-06-05T11:14:23.240Z,0,Leak resolved. Duration: 0 minutes
A8-010,GVM202601483,External Device,LEAK_STARTED,Alert,2026-06-05T11:24:18.888Z,2026-06-05T11:24:34.415Z,0,Leak resolved. Duration: 0 minutes
A8-010,GVM202601483,External Device,LEAK_STARTED,Alert,2026-06-05T11:39:27.582Z,2026-06-05T11:39:43.893Z,0,Leak resolved. Duration: 0 minutes
A8-011,GVM202601485,External Device,LEAK_STARTED,Alert,2026-06-05T11:48:22.207Z,2026-06-05T11:48:36.141Z,0,Leak resolved. Duration: 0 minutes
A8-010,GVM202601483,External Device,LEAK_STARTED,Alert,2026-06-05T11:54:39.036Z,2026-06-05T11:54:53.678Z,0,Leak resolved. Duration: 0 minutes
A8-011,GVM202601485,External Device,LEAK_STARTED,Alert,2026-06-05T11:59:28.519Z,2026-06-05T11:59:41.423Z,0,Leak resolved. Duration: 0 minutes
A8-011,GVM202601485,External Device,STATUS_CHANGED,Online,2026-06-06T04:14:15.441Z,,,Status changed from No Communication to Online
A8-010,GVM202601483,External Device,STATUS_CHANGED,Online,2026-06-06T04:14:15.447Z,,,Status changed from No Communication to Online
A8-010,GVM202601483,External Device,LEAK_STARTED,Alert,2026-06-06T04:27:38.057Z,2026-06-06T04:27:51.518Z,0,Leak resolved. Duration: 0 minutes
A8-010,GVM202601483,External Device,LEAK_STARTED,Alert,2026-06-06T04:27:57.525Z,2026-06-06T04:28:11.537Z,0,Leak resolved. Duration: 0 minutes
A8-011,GVM202601485,External Device,LEAK_STARTED,Alert,2026-06-06T04:34:13.176Z,2026-06-06T04:34:26.364Z,0,Leak resolved. Duration: 0 minutes
A8-010,GVM202601483,External Device,LEAK_STARTED,Alert,2026-06-06T04:43:51.573Z,2026-06-06T04:44:06.528Z,0,Leak resolved. Duration: 0 minutes
A8-011,GVM202601485,External Device,LEAK_STARTED,Alert,2026-06-06T04:50:05.221Z,2026-06-06T04:50:19.263Z,0,Leak resolved. Duration: 0 minutes
A8-010,GVM202601483,External Device,LEAK_STARTED,Alert,2026-06-06T04:57:31.187Z,2026-06-06T04:57:43.786Z,0,Leak resolved. Duration: 0 minutes
A8-011,GVM202601485,External Device,LEAK_STARTED,Alert,2026-06-06T05:04:05.375Z,2026-06-06T05:04:20.382Z,0,Leak resolved. Duration: 0 minutes
A8-011,GVM202601485,External Device,LEAK_STARTED,Alert,2026-06-06T05:04:45.337Z,2026-06-06T05:04:59.361Z,0,Leak resolved. Duration: 0 minutes
A8-010,GVM202601483,External Device,LEAK_STARTED,Alert,2026-06-06T05:06:39.188Z,2026-06-06T05:06:53.162Z,0,Leak resolved. Duration: 0 minutes
A8-011,GVM202601485,External Device,LEAK_STARTED,Alert,2026-06-06T05:15:04.726Z,2026-06-06T05:15:17.675Z,0,Leak resolved. Duration: 0 minutes
A8-010,GVM202601483,External Device,LEAK_STARTED,Alert,2026-06-06T05:17:34.848Z,2026-06-06T05:17:46.492Z,0,Leak resolved. Duration: 0 minutes
A8-010,GVM202601483,External Device,LEAK_STARTED,Alert,2026-06-06T05:17:49.531Z,2026-06-06T05:18:01.477Z,0,Leak resolved. Duration: 0 minutes
A8-011,GVM202601485,External Device,LEAK_STARTED,Alert,2026-06-06T05:29:21.855Z,2026-06-06T05:29:35.812Z,0,Leak resolved. Duration: 0 minutes
A8-010,GVM202601483,External Device,LEAK_STARTED,Alert,2026-06-06T05:36:09.418Z,2026-06-06T05:36:23.862Z,0,Leak resolved. Duration: 0 minutes
A8-010,GVM202601483,External Device,LEAK_STARTED,Alert,2026-06-06T06:01:34.679Z,2026-06-06T06:01:49.219Z,0,Leak resolved. Duration: 0 minutes
A8-011,GVM202601485,External Device,LEAK_STARTED,Alert,2026-06-06T06:09:31.728Z,2026-06-06T06:09:43.764Z,0,Leak resolved. Duration: 0 minutes
A8-010,GVM202601483,External Device,LEAK_STARTED,Alert,2026-06-06T06:20:58.062Z,2026-06-06T06:21:11.046Z,0,Leak resolved. Duration: 0 minutes
A8-011,GVM202601485,External Device,LEAK_STARTED,Alert,2026-06-06T06:27:39.760Z,2026-06-06T06:27:53.630Z,0,Leak resolved. Duration: 0 minutes
A8-011,GVM202601485,External Device,LEAK_STARTED,Alert,2026-06-06T06:38:05.115Z,2026-06-06T06:38:18.027Z,0,Leak resolved. Duration: 0 minutes
A8-011,GVM202601485,External Device,LEAK_STARTED,Alert,2026-06-06T06:45:35.693Z,2026-06-06T06:45:49.517Z,0,Leak resolved. Duration: 0 minutes
A8-011,GVM202601485,External Device,LEAK_STARTED,Alert,2026-06-06T06:50:55.240Z,2026-06-06T06:51:10.320Z,0,Leak resolved. Duration: 0 minutes
A8-010,GVM202601483,External Device,LEAK_STARTED,Alert,2026-06-06T07:00:27.668Z,2026-06-06T07:00:43.643Z,0,Leak resolved. Duration: 0 minutes
A8-010,GVM202601483,External Device,LEAK_STARTED,Alert,2026-06-06T07:00:51.647Z,2026-06-06T07:01:07.109Z,0,Leak resolved. Duration: 0 minutes
A8-011,GVM202601485,External Device,LEAK_STARTED,Alert,2026-06-06T07:01:59.589Z,2026-06-06T07:02:12.529Z,0,Leak resolved. Duration: 0 minutes
A8-010,GVM202601483,External Device,LEAK_STARTED,Alert,2026-06-06T07:02:22.678Z,2026-06-06T07:02:34.508Z,0,Leak resolved. Duration: 0 minutes
A8-011,GVM202601485,External Device,LEAK_STARTED,Alert,2026-06-06T07:02:38.533Z,2026-06-06T07:02:53.705Z,0,Leak resolved. Duration: 0 minutes
A8-011,GVM202601485,External Device,LEAK_STARTED,Alert,2026-06-06T07:08:23.184Z,2026-06-06T07:08:36.150Z,0,Leak resolved. Duration: 0 minutes
A8-011,GVM202601485,External Device,LEAK_STARTED,Alert,2026-06-06T07:22:27.399Z,2026-06-06T07:22:41.300Z,0,Leak resolved. Duration: 0 minutes
A8-010,GVM202601483,External Device,LEAK_STARTED,Alert,2026-06-06T07:25:47.454Z,2026-06-06T07:26:03.176Z,0,Leak resolved. Duration: 0 minutes
A8-010,GVM202601483,External Device,LEAK_STARTED,Alert,2026-06-06T07:28:43.970Z,2026-06-06T07:29:00.431Z,0,Leak resolved. Duration: 0 minutes
A8-011,GVM202601485,External Device,LEAK_STARTED,Alert,2026-06-06T07:29:00.962Z,2026-06-06T07:29:19.986Z,0,Leak resolved. Duration: 0 minutes
A8-010,GVM202601483,External Device,LEAK_STARTED,Alert,2026-06-06T08:25:01.607Z,2026-06-06T08:25:14.533Z,0,Leak resolved. Duration: 0 minutes
A8-010,GVM202601483,External Device,LEAK_STARTED,Alert,2026-06-06T08:25:41.650Z,2026-06-06T08:25:56.602Z,0,Leak resolved. Duration: 0 minutes
A8-011,GVM202601485,External Device,LEAK_STARTED,Alert,2026-06-06T08:32:54.191Z,2026-06-06T08:33:09.140Z,0,Leak resolved. Duration: 0 minutes
A8-010,GVM202601483,External Device,LEAK_STARTED,Alert,2026-06-06T08:35:55.930Z,2026-06-06T08:36:09.878Z,0,Leak resolved. Duration: 0 minutes
A8-011,GVM202601485,External Device,LEAK_STARTED,Alert,2026-06-06T08:45:46.362Z,2026-06-06T08:46:00.296Z,0,Leak resolved. Duration: 0 minutes
A8-010,GVM202601483,External Device,LEAK_STARTED,Alert,2026-06-06T08:56:39.114Z,2026-06-06T08:56:53.767Z,0,Leak resolved. Duration: 0 minutes
A8-011,GVM202601485,External Device,LEAK_STARTED,Alert,2026-06-06T09:07:11.051Z,2026-06-06T09:07:26.047Z,0,Leak resolved. Duration: 0 minutes
A8-011,GVM202601485,External Device,LEAK_STARTED,Alert,2026-06-06T09:28:36.856Z,2026-06-06T09:28:49.723Z,0,Leak resolved. Duration: 0 minutes
A8-010,GVM202601483,External Device,LEAK_STARTED,Alert,2026-06-06T09:32:05.533Z,2026-06-06T09:32:17.731Z,0,Leak resolved. Duration: 0 minutes
A8-011,GVM202601485,External Device,LEAK_STARTED,Alert,2026-06-06T09:44:55.143Z,2026-06-06T09:45:09.235Z,0,Leak resolved. Duration: 0 minutes
A8-010,GVM202601483,External Device,LEAK_STARTED,Alert,2026-06-06T09:47:36.633Z,2026-06-06T09:47:51.992Z,0,Leak resolved. Duration: 0 minutes
A8-011,GVM202601485,External Device,LEAK_STARTED,Alert,2026-06-06T10:00:39.941Z,2026-06-06T10:00:54.892Z,0,Leak resolved. Duration: 0 minutes
A8-010,GVM202601483,External Device,LEAK_STARTED,Alert,2026-06-06T10:11:10.859Z,2026-06-06T10:11:22.314Z,0,Leak resolved. Duration: 0 minutes
A8-011,GVM202601485,External Device,LEAK_STARTED,Alert,2026-06-06T10:30:01.413Z,2026-06-06T10:30:21.084Z,0,Leak resolved. Duration: 0 minutes
A8-011,GVM202601485,External Device,LEAK_STARTED,Alert,2026-06-06T10:58:57.670Z,2026-06-06T10:59:10.670Z,0,Leak resolved. Duration: 0 minutes
A8-010,GVM202601483,External Device,LEAK_STARTED,Alert,2026-06-06T11:11:37.184Z,2026-06-06T11:11:50.906Z,0,Leak resolved. Duration: 0 minutes
A8-011,GVM202601485,External Device,LEAK_STARTED,Alert,2026-06-06T11:14:29.569Z,2026-06-06T11:14:42.646Z,0,Leak resolved. Duration: 0 minutes
A8-010,GVM202601483,External Device,LEAK_STARTED,Alert,2026-06-06T11:16:55.510Z,2026-06-06T11:17:09.472Z,0,Leak resolved. Duration: 0 minutes
A8-011,GVM202601485,External Device,LEAK_STARTED,Alert,2026-06-06T11:20:53.454Z,2026-06-06T11:21:07.271Z,0,Leak resolved. Duration: 0 minutes
A8-011,GVM202601485,External Device,LEAK_STARTED,Alert,2026-06-06T11:23:52.407Z,2026-06-06T11:24:06.107Z,0,Leak resolved. Duration: 0 minutes
A8-011,GVM202601485,External Device,LEAK_STARTED,Alert,2026-06-06T11:27:05.986Z,2026-06-06T11:27:18.979Z,0,Leak resolved. Duration: 0 minutes
A8-010,GVM202601483,External Device,LEAK_STARTED,Alert,2026-06-06T11:30:39.696Z,2026-06-06T11:30:53.713Z,0,Leak resolved. Duration: 0 minutes
A8-011,GVM202601485,External Device,LEAK_STARTED,Alert,2026-06-06T11:30:42.732Z,2026-06-06T11:30:53.809Z,0,Leak resolved. Duration: 0 minutes
A8-010,GVM202601483,External Device,LEAK_STARTED,Alert,2026-06-06T11:36:46.331Z,2026-06-06T11:36:58.410Z,0,Leak resolved. Duration: 0 minutes
A8-011,GVM202601485,External Device,LEAK_STARTED,Alert,2026-06-06T11:38:16.951Z,2026-06-06T11:38:29.391Z,0,Leak resolved. Duration: 0 minutes
A8-010,GVM202601483,External Device,LEAK_STARTED,Alert,2026-06-06T11:41:38.044Z,2026-06-06T11:41:52.000Z,0,Leak resolved. Duration: 0 minutes
A8-011,GVM202601485,External Device,LEAK_STARTED,Alert,2026-06-06T11:43:18.012Z,2026-06-06T11:43:31.942Z,0,Leak resolved. Duration: 0 minutes
A8-011,GVM202601485,External Device,LEAK_STARTED,Alert,2026-06-06T11:46:39.930Z,2026-06-06T11:46:52.810Z,0,Leak resolved. Duration: 0 minutes
A8-011,GVM202601485,External Device,LEAK_STARTED,Alert,2026-06-06T11:48:47.652Z,2026-06-06T11:49:01.619Z,0,Leak resolved. Duration: 0 minutes
A8-011,GVM202601485,External Device,LEAK_STARTED,Alert,2026-06-06T11:49:08.643Z,2026-06-06T11:49:21.685Z,0,Leak resolved. Duration: 0 minutes
A8-010,GVM202601483,External Device,LEAK_STARTED,Alert,2026-06-06T11:53:20.587Z,2026-06-06T11:53:35.747Z,0,Leak resolved. Duration: 0 minutes
A8-010,GVM202601483,External Device,LEAK_STARTED,Alert,2026-06-06T11:56:02.588Z,2026-06-06T11:56:15.154Z,0,Leak resolved. Duration: 0 minutes
A8-010,GVM202601483,External Device,STATUS_CHANGED,Online,2026-06-08T04:17:31.583Z,,,Status changed from Unknown to Online
A8-011,GVM202601485,External Device,STATUS_CHANGED,Online,2026-06-08T04:17:31.596Z,,,Status changed from Unknown to Online
A8-010,GVM202601483,External Device,LEAK_STARTED,Alert,2026-06-08T04:18:33.550Z,2026-06-08T04:18:46.447Z,0,Leak resolved. Duration: 0 minutes
A8-011,GVM202601485,External Device,LEAK_STARTED,Alert,2026-06-08T04:24:23.064Z,2026-06-08T04:24:37.995Z,0,Leak resolved. Duration: 0 minutes
A8-011,GVM202601485,External Device,LEAK_STARTED,Alert,2026-06-08T04:27:47.829Z,2026-06-08T04:28:01.173Z,0,Leak resolved. Duration: 0 minutes
A8-010,GVM202601483,External Device,LEAK_STARTED,Alert,2026-06-08T04:32:55.592Z,2026-06-08T04:33:10.595Z,0,Leak resolved. Duration: 0 minutes
A8-011,GVM202601485,External Device,LEAK_STARTED,Alert,2026-06-08T04:53:55.627Z,2026-06-08T04:54:08.577Z,0,Leak resolved. Duration: 0 minutes
A8-010,GVM202601483,External Device,LEAK_STARTED,Alert,2026-06-08T04:53:56.787Z,2026-06-08T04:54:12.761Z,0,Leak resolved. Duration: 0 minutes
A8-010,GVM202601483,External Device,LEAK_STARTED,Alert,2026-06-08T05:02:51.159Z,2026-06-08T05:03:07.108Z,0,Leak resolved. Duration: 0 minutes
A8-011,GVM202601485,External Device,LEAK_STARTED,Alert,2026-06-08T05:07:12.825Z,2026-06-08T05:07:26.773Z,0,Leak resolved. Duration: 0 minutes
A8-010,GVM202601483,External Device,LEAK_STARTED,Alert,2026-06-08T05:09:39.785Z,2026-06-08T05:09:54.644Z,0,Leak resolved. Duration: 0 minutes
A8-011,GVM202601485,External Device,STATUS_CHANGED,Online,2026-06-08T05:13:14.016Z,,,Status changed from No Communication to Online
A8-010,GVM202601483,External Device,LEAK_STARTED,Alert,2026-06-08T05:13:55.488Z,2026-06-08T05:14:10.741Z,0,Leak resolved. Duration: 0 minutes
A8-011,GVM202601485,External Device,STATUS_CHANGED,Online,2026-06-08T05:17:19.000Z,,,Status changed from No Communication to Online
A8-011,GVM202601485,External Device,LEAK_STARTED,Alert,2026-06-08T05:17:23.670Z,2026-06-08T05:17:38.641Z,0,Leak resolved. Duration: 0 minutes
A8-011,GVM202601485,External Device,LEAK_STARTED,Alert,2026-06-08T05:23:36.391Z,2026-06-08T05:23:51.752Z,0,Leak resolved. Duration: 0 minutes
A8-010,GVM202601483,External Device,LEAK_STARTED,Alert,2026-06-08T05:30:29.405Z,2026-06-08T05:30:44.420Z,0,Leak resolved. Duration: 0 minutes
A8-010,GVM202601483,External Device,LEAK_STARTED,Alert,2026-06-08T05:56:23.890Z,2026-06-08T05:56:40.175Z,0,Leak resolved. Duration: 0 minutes
A8-011,GVM202601485,External Device,LEAK_STARTED,Alert,2026-06-08T06:00:47.055Z,2026-06-08T06:01:03.271Z,0,Leak resolved. Duration: 0 minutes
A8-011,GVM202601485,External Device,LEAK_STARTED,Alert,2026-06-08T06:10:07.498Z,2026-06-08T06:10:22.451Z,0,Leak resolved. Duration: 0 minutes
A8-011,GVM202601485,External Device,LEAK_STARTED,Alert,2026-06-08T06:19:39.919Z,2026-06-08T06:19:55.066Z,0,Leak resolved. Duration: 0 minutes
A8-010,GVM202601483,External Device,LEAK_STARTED,Alert,2026-06-08T06:27:54.320Z,2026-06-08T06:28:06.904Z,0,Leak resolved. Duration: 0 minutes
A8-011,GVM202601485,External Device,LEAK_STARTED,Alert,2026-06-08T06:33:38.155Z,2026-06-08T06:33:51.027Z,0,Leak resolved. Duration: 0 minutes
A8-011,GVM202601485,External Device,LEAK_STARTED,Alert,2026-06-08T06:47:59.214Z,2026-06-08T06:48:15.210Z,0,Leak resolved. Duration: 0 minutes
A8-011,GVM202601485,External Device,LEAK_STARTED,Alert,2026-06-08T06:56:41.682Z,2026-06-08T06:56:55.703Z,0,Leak resolved. Duration: 0 minutes
A8-011,GVM202601485,External Device,LEAK_STARTED,Alert,2026-06-08T07:02:23.360Z,2026-06-08T07:02:38.306Z,0,Leak resolved. Duration: 0 minutes
A8-010,GVM202601483,External Device,LEAK_STARTED,Alert,2026-06-08T07:13:08.202Z,2026-06-08T07:13:23.161Z,0,Leak resolved. Duration: 0 minutes
A8-011,GVM202601485,External Device,LEAK_STARTED,Alert,2026-06-08T07:21:01.285Z,2026-06-08T07:21:15.170Z,0,Leak resolved. Duration: 0 minutes
A8-010,GVM202601483,External Device,LEAK_STARTED,Alert,2026-06-08T07:25:27.523Z,2026-06-08T07:25:41.400Z,0,Leak resolved. Duration: 0 minutes
A8-010,GVM202601483,External Device,STATUS_CHANGED,Online,2026-06-08T08:23:52.151Z,,,Status changed from Unknown to Online
A8-011,GVM202601485,External Device,STATUS_CHANGED,Online,2026-06-08T08:23:52.158Z,,,Status changed from Unknown to Online
A8-010,GVM202601483,External Device,LEAK_STARTED,Alert,2026-06-08T08:44:16.693Z,2026-06-08T08:44:28.703Z,0,Leak resolved. Duration: 0 minutes
A8-010,GVM202601483,External Device,STATUS_CHANGED,Online,2026-06-08T08:54:45.578Z,,,Status changed from No Communication to Online
A8-011,GVM202601485,External Device,STATUS_CHANGED,Online,2026-06-08T08:54:45.785Z,,,Status changed from No Communication to Online
A8-010,GVM202601483,External Device,LEAK_STARTED,Alert,2026-06-08T08:58:01.251Z,2026-06-08T08:58:14.215Z,0,Leak resolved. Duration: 0 minutes
A8-011,GVM202601485,External Device,LEAK_STARTED,Alert,2026-06-08T09:01:53.984Z,2026-06-08T09:02:10.129Z,0,Leak resolved. Duration: 0 minutes
A8-011,GVM202601485,External Device,LEAK_STARTED,Alert,2026-06-08T09:05:25.757Z,2026-06-08T09:05:39.718Z,0,Leak resolved. Duration: 0 minutes
A8-010,GVM202601483,External Device,LEAK_STARTED,Alert,2026-06-08T09:06:51.712Z,2026-06-08T09:07:05.668Z,0,Leak resolved. Duration: 0 minutes
A8-011,GVM202601485,External Device,LEAK_STARTED,Alert,2026-06-08T09:10:55.521Z,2026-06-08T09:11:08.377Z,0,Leak resolved. Duration: 0 minutes
A8-010,GVM202601483,External Device,LEAK_STARTED,Alert,2026-06-08T09:20:10.366Z,2026-06-08T09:20:22.398Z,0,Leak resolved. Duration: 0 minutes
A8-011,GVM202601485,External Device,LEAK_STARTED,Alert,2026-06-08T09:26:29.466Z,2026-06-08T09:26:44.446Z,0,Leak resolved. Duration: 0 minutes
A8-010,GVM202601483,External Device,LEAK_STARTED,Alert,2026-06-08T09:33:18.569Z,2026-06-08T09:33:30.519Z,0,Leak resolved. Duration: 0 minutes
A8-011,GVM202601485,External Device,LEAK_STARTED,Alert,2026-06-08T09:39:58.637Z,2026-06-08T09:40:09.595Z,0,Leak resolved. Duration: 0 minutes
A8-011,GVM202601485,External Device,LEAK_STARTED,Alert,2026-06-08T09:47:45.159Z,2026-06-08T09:47:58.127Z,0,Leak resolved. Duration: 0 minutes
A8-010,GVM202601483,External Device,LEAK_STARTED,Alert,2026-06-08T09:55:21.270Z,2026-06-08T09:55:32.226Z,0,Leak resolved. Duration: 0 minutes
A8-011,GVM202601485,External Device,LEAK_STARTED,Alert,2026-06-08T10:00:47.415Z,2026-06-08T10:00:59.334Z,0,Leak resolved. Duration: 0 minutes
A8-010,GVM202601483,External Device,LEAK_STARTED,Alert,2026-06-08T10:05:11.704Z,2026-06-08T10:05:23.570Z,0,Leak resolved. Duration: 0 minutes
A8-011,GVM202601485,External Device,LEAK_STARTED,Alert,2026-06-08T10:09:35.894Z,2026-06-08T10:09:48.211Z,0,Leak resolved. Duration: 0 minutes
A8-011,GVM202601485,External Device,STATUS_CHANGED,Online,2026-06-08T10:22:35.049Z,,,Status changed from No Communication to Online
A8-010,GVM202601483,External Device,STATUS_CHANGED,Online,2026-06-08T10:22:35.154Z,,,Status changed from No Communication to Online
A8-011,GVM202601485,External Device,STATUS_CHANGED,Online,2026-06-08T11:04:17.481Z,,,Status changed from No Communication to Online
A8-010,GVM202601483,External Device,LEAK_STARTED,Alert,2026-06-08T11:17:54.252Z,2026-06-08T11:18:08.162Z,0,Leak resolved. Duration: 0 minutes
A8-011,GVM202601485,External Device,LEAK_STARTED,Alert,2026-06-08T11:20:05.630Z,2026-06-08T11:20:20.580Z,0,Leak resolved. Duration: 0 minutes
A8-010,GVM202601483,External Device,STATUS_CHANGED,Online,2026-06-08T11:37:38.577Z,,,Status changed from Unknown to Online
A8-011,GVM202601485,External Device,STATUS_CHANGED,Online,2026-06-08T11:37:38.610Z,,,Status changed from Unknown to Online
A8-010,GVM202601483,External Device,LEAK_STARTED,Alert,2026-06-08T11:41:14.231Z,2026-06-08T11:41:28.258Z,0,Leak resolved. Duration: 0 minutes
A8-011,GVM202601485,External Device,LEAK_STARTED,Alert,2026-06-08T11:45:55.931Z,2026-06-08T11:46:09.960Z,0,Leak resolved. Duration: 0 minutes
A8-011,GVM202601485,External Device,LEAK_STARTED,Alert,2026-06-08T12:00:55.100Z,2026-06-08T12:01:09.929Z,0,Leak resolved. Duration: 0 minutes
A8-011,GVM202601485,External Device,STATUS_CHANGED,Online,2026-06-09T04:19:24.160Z,,,Status changed from Unknown to Online
A8-010,GVM202601483,External Device,STATUS_CHANGED,Online,2026-06-09T04:19:24.364Z,,,Status changed from Unknown to Online
